編號,屋齡,建物移轉面積平方公尺,主要用途,主要建材,建築完成日期,總層數,建物分層,移轉情形
The serial number,room age,building shifting area square meter,the main use,main building materials,construction completes the date,total layer,building lamination,
RPUNMLNKNHJGFAI58CC,30,89.07,住家用,鋼筋混凝土造,83年6月6日,十層,,
RPPNMLLKNHJGFAI87CC,27,112.11,住家用,鋼筋混凝土加強磚造,86年10月30日,四層,,
RPQNMLOKNHJGFAI28CC,31,298.43,住商用,鋼筋混凝土造,82年4月15日,五層,,
RPUNMLNKNHJGFAI58CC,30,11.14,共有部份,鋼筋混凝土造,83年6月6日,十層,,
RPRNMLLKNHJGFAI08CC,30,194.77,住家用,鋼筋混凝土造,83年5月6日,五層,,
RPUNMLNKNHJGFAI58CC,30,4.52,共有部份,鋼筋混凝土造,83年6月6日,十層,,
RPRNMLLKNHJGFAI08CC,30,32.24,共有部份,鋼筋混凝土造,83年5月6日,五層,,
RPQNMLNKNHJGFAI18CC,30,283.01,住商用,鋼筋混凝土造,83年8月24日,五層,,
RPSNMLNKNHJGFAI38CC,29,61.91,住家用,鋼筋混凝土造,83年12月31日,十二層,,
RPRNMLNKNHJGFAI28CC,2,62.92,集合住宅,鋼筋混凝土構造,111年10月20日,五層,,
RPPNMLNKNHJGFAI08CC,33,57.76,住家用,鋼筋混凝土造,80年7月26日,六層,,
RPSNMLNKNHJGFAI38CC,29,23.60,共有部份,鋼筋混凝土造,83年12月31日,十二層,,
RPRNMLNKNHJGFAI28CC,2,14.02,本共有部分之項目有昇降機、電信室、樓梯間、戶外安全梯、梯廳、水塔空間及管理維護使用空間等７項,鋼筋混凝土構造,111年10月20日,五層,,
RPPNMLNKNHJGFAI08CC,33,11.97,住家用,鋼筋混凝土造,80年7月26日,六層,,
RPRNMLNKNHJGFAI28CC,2,11.23,本共有部分之項目有門廊、梯廳、電信室、台電配電室、停車空間及戶外安全梯等６項,鋼筋混凝土構造,111年10月20日,五層,,
RPTNMLNKNHJGFAI48CC,31,32.83,住家用,鋼筋混凝土造,82年2月9日,七層,,
RPQNMLLKNHJGFAI97CC,31,86.85,住家用,鋼筋混凝土造,82年5月11日,七層,,
RPTNMLNKNHJGFAI48CC,31,7.34,共有部份,鋼筋混凝土造,82年2月9日,七層,,
RPQNMLLKNHJGFAI97CC,31,28.69,共有部份,鋼筋混凝土造,82年5月11日,七層,,
RPTNMLNKNHJGFAI48CC,31,7.24,共有部份,鋼筋混凝土造,82年2月9日,七層,,
RPQNMLLKNHJGFAI97CC,31,13.53,共有部份,鋼筋混凝土造,82年5月11日,七層,,
RPTNMLOKNHJGFAI58CC,35,94.86,住家用,鋼筋混凝土造,77年11月8日,五層,,
RPTNMLOKNHJGFAI58CC,35,7.48,共有部份,鋼筋混凝土造,77年11月8日,五層,,
RPTNMLOKNHJGFAI58CC,35,9.73,共有部份,鋼筋混凝土造,77年11月8日,五層,,
RPSNMLOKNHJGFAI48CC,29,22.69,住家用,鋼筋混凝土造,84年4月6日,七層,,
RPSNMLOKNHJGFAI48CC,29,13.52,共有部份,鋼筋混凝土造,84年4月6日,七層,,
RPRNMLOKNHJGFAI38CC,32,37.29,住家用,鋼筋混凝土造,81年8月24日,七層,,
RPRNMLOKNHJGFAI38CC,32,8.95,共有部份,鋼筋混凝土造,81年8月24日,七層,,
RPRNMLPKNHJGFAI48CC,36,104.95,住家用,鋼筋混凝土造,77年9月5日,五層,,
RPPNMLRKNHJGFAI48CC,16,8.36,辦公室,鋼筋混凝土造,97年3月3日,四層,,
RPPNMLRKNHJGFAI48CC,16,5.66,共有部份,鋼筋混凝土造,97年3月3日,四層,,
RPPNMLPKNHJGFAI28CC,30,130.73,住商用,鋼筋混凝土造,83年6月6日,十層,,
RPPNMLPKNHJGFAI28CC,30,15.89,共有部份,鋼筋混凝土造,83年6月6日,十層,,
RPQNMLQKNHJGFAI48CC,34,53.90,住家用,鋼筋混凝土造,79年5月22日,五層,,
RPPNMLPKNHJGFAI28CC,30,7.27,共有部份,鋼筋混凝土造,83年6月6日,十層,,
RPRNMLQKNHJGFAI58CC,8,95.44,集合住宅,鋼筋混凝土構造,105年5月10日,十四層,,
RPQNMLQKNHJGFAI48CC,34,22.75,共有部份,鋼筋混凝土造,79年5月22日,五層,,
RPRNMLQKNHJGFAI58CC,8,16.15,本共有部分之項目有停車空間、消防機房、排風機房、排煙室、機房、電錶室、樓梯間、防空避難室兼停車空間、水箱、台電受電室、緊急發電機房、電信室、外廊管委會使用空間、門廳等１４項,鋼筋混凝土構造,105年5月10日,十四層,,
RPQNMLPKNHJGFAI38CC,28,76.31,住家用,鋼筋混凝土造,85年3月11日,二十層,,
RPPNMLQKNHJGFAI38CC,31,33.55,住家用,鋼筋混凝土造,82年6月9日,十六層,,
RPQNMLPKNHJGFAI38CC,28,19.58,共有部份,鋼筋混凝土造,85年3月11日,二十層,,
RPRNMLQKNHJGFAI58CC,8,29.50,本共有部份之項目計有：梯廳兼排煙室、樓梯間、水箱、水錶室、電梯機房等五項。,鋼筋混凝土構造,105年5月10日,十四層,,
RPPNMLQKNHJGFAI38CC,31,5.50,共有部份,鋼筋混凝土造,82年6月9日,十六層,,
RPPNMLQKNHJGFAI38CC,31,7.27,共有部份,鋼筋混凝土造,82年6月9日,十六層,,
RPQNMLRKNHJGFAI58CC,16,8.36,辦公室,鋼筋混凝土造,97年3月3日,四層,,
RPQNMLRKNHJGFAI58CC,16,5.66,共有部份,鋼筋混凝土造,97年3月3日,四層,,
RPUNMLRKNHJGFAI98CC,6,9.50,集合住宅,鋼筋混凝土構造,107年8月2日,五層,,
RPUNMLRKNHJGFAI98CC,6,3.27,本共有部分之項目有機械室、樓梯間及水箱等３項,鋼筋混凝土構造,107年8月2日,五層,,
RPSNMLKLNHJGFAI18CC,33,33.44,住家用,鋼筋混凝土造,79年12月8日,八層,,
RPVNMLRKNHJGFAI09CC,26,104.66,住家用,鋼筋混凝土造,87年3月19日,二十二層,,
RPSNMLKLNHJGFAI18CC,33,8.10,住家用,鋼筋混凝土造,79年12月8日,八層,,
RPVNMLRKNHJGFAI09CC,26,19.62,共有部份,鋼筋混凝土造,87年3月19日,二十二層,,
RPVNMLRKNHJGFAI09CC,26,23.26,共有部份,鋼筋混凝土造,87年3月19日,二十二層,,
RPXNMLKLNHJGFAI68CC,25,54.98,住家用,鋼筋混凝土造,88年4月21日,十四層,,
RPXNMLKLNHJGFAI68CC,25,24.01,共有部份,鋼筋混凝土造,88年4月21日,十四層,,
RPSNMLRKNHJGFAI78CC,16,8.36,辦公室,鋼筋混凝土造,97年3月3日,四層,,
RPSNMLRKNHJGFAI78CC,16,5.66,共有部份,鋼筋混凝土造,97年3月3日,四層,,
RPTNMLKLNHJGFAI28CC,31,81.02,住家用,鋼筋混凝土造,82年8月23日,九層,,
RPTNMLKLNHJGFAI28CC,31,19.11,共有部份,鋼筋混凝土造,82年8月23日,九層,,
RPTNMLKLNHJGFAI28CC,31,9.28,共有部份,鋼筋混凝土造,82年8月23日,九層,,
RPWNMLKLNHJGFAI58CC,8,83.38,集合住宅,鋼筋混凝土構造,105年5月10日,十四層,,
RPWNMLKLNHJGFAI58CC,8,42.11,本共有部分之項目有停車空間、消防機房、排風機房、排煙室、機房、電錶室、樓梯間、防空避難室兼停車空間、水箱、台電受電室、緊急發電機房、電信室、外廊管委會使用空間、門廳等１４項,鋼筋混凝土構造,105年5月10日,十四層,,
RPTNMLRKNHJGFAI88CC,6,9.62,集合住宅,鋼筋混凝土構造,107年8月2日,五層,,
RPWNMLKLNHJGFAI58CC,8,20.77,本共有部份之項目計有：梯廳兼排煙室、樓梯間、水箱、水錶室、電梯機房等五項。,鋼筋混凝土構造,105年5月10日,十四層,,
RPTNMLRKNHJGFAI88CC,6,3.31,本共有部分之項目有機械室、樓梯間及水箱等３項,鋼筋混凝土構造,107年8月2日,五層,,
RPRNMLRKNHJGFAI68CC,35,18.33,住家用,鋼筋混凝土造,78年2月3日,七層,,
RPOOMLKLNHJGFAI87CC,32,57.40,住家用,鋼筋混凝土造,81年9月3日,六層,,
RPOOMLKLNHJGFAI87CC,32,13.58,共有部份,鋼筋混凝土造,81年9月3日,六層,,
RPOOMLKLNHJGFAI87CC,32,8.92,共有部份,鋼筋混凝土造,81年9月3日,六層,,
RPRNMLRKNHJGFAI68CC,35,8.78,共有部份,鋼筋混凝土造,78年2月3日,七層,,
RPQNMLLLNHJGFAI08CC,44,80.08,集合住宅,鋼筋混凝土加強磚造,69年9月17日,四層,,
RPQNMLLLNHJGFAI08CC,44,7.06,共有部份,鋼筋混凝土加強磚造,69年9月17日,四層,,
RPSNMLLLNHJGFAI28CC,29,30.97,住家用,鋼筋混凝土造,84年10月3日,五層,,
RPPOMLKLNHJGFAI97CC,45,88.24,住商用,鋼筋混凝土加強磚造,68年6月6日,二層,,
RPSNMLLLNHJGFAI28CC,29,5.81,共有部份,鋼筋混凝土造,84年10月3日,五層,,
RPPNMLNLNHJGFAI18CC,31,95.90,住家用,鋼筋混凝土造,82年10月26日,十二層,,
RPQOMLKLNHJGFAI08CC,40,104.81,住家用,鋼筋混凝土加強磚造,73年6月22日,二層,,
RPPNMLLLNHJGFAI97CC,35,30.21,住商用,鋼筋混凝土造,78年11月7日,五層,,
RPRNMLLLNHJGFAI18CC,33,23.73,住家用,鋼筋混凝土造,79年12月8日,八層,,
RPRNMLLLNHJGFAI18CC,33,5.80,住家用,鋼筋混凝土造,79年12月8日,八層,,
RPUNMLMLNHJGFAI58CC,27,71.60,教會,鋼筋混凝土加強磚造,86年10月30日,四層,,
RPUNMLMLNHJGFAI58CC,27,3.71,共有部份,鋼筋混凝土加強磚造,86年10月30日,四層,,
RPSNMLMLNHJGFAI38CC,27,71.60,教會,鋼筋混凝土加強磚造,86年10月30日,四層,,
RPSNMLMLNHJGFAI38CC,27,3.71,共有部份,鋼筋混凝土加強磚造,86年10月30日,四層,,
RPTNMLLLNHJGFAI38CC,29,17.28,住家用,鋼筋混凝土造,84年1月12日,五層,,
RPTNMLLLNHJGFAI38CC,29,8.13,共有部份,鋼筋混凝土造,84年1月12日,五層,,
RPPNMLOLNHJGFAI28CC,6,9.62,集合住宅,鋼筋混凝土構造,107年8月2日,五層,,
RPPNMLOLNHJGFAI28CC,6,3.31,本共有部分之項目有機械室、樓梯間及水箱等３項,鋼筋混凝土構造,107年8月2日,五層,,
RPRNMLNLNHJGFAI38CC,16,8.36,辦公室,鋼筋混凝土造,97年3月3日,四層,,
RPTNMLNLNHJGFAI58CC,33,194.57,住商用,鋼筋混凝土造,80年2月25日,九層,,
RPRNMLNLNHJGFAI38CC,16,5.66,共有部份,鋼筋混凝土造,97年3月3日,四層,,
RPSNMLRLNHJGFAI88CC,59,40.03,住家用,木造,53年12月15日,一層,,
RPRNMLOLNHJGFAI48CC,48,83.16,住家用,鋼筋混凝土加強磚造,65年9月1日,二層,,
RPQNMLOLNHJGFAI38CC,66,191.04,診所、住宅,加強磚造,47年7月1日,三層,,
RPQNMLNLNHJGFAI28CC,29,30.60,住家用,鋼筋混凝土造,83年11月28日,十二層,,
RPQNMLNLNHJGFAI28CC,29,10.74,共有部份,鋼筋混凝土造,83年11月28日,十二層,,
RPQNMLRLNHJGFAI68CC,29,91.32,住家用,鋼筋混凝土造,84年8月16日,十九層,,
RPQNMLRLNHJGFAI68CC,29,27.93,共有部份,鋼筋混凝土造,84年8月16日,十九層,,
RPSNMLNLNHJGFAI48CC,6,9.50,集合住宅,鋼筋混凝土構造,107年8月2日,五層,,
RPPNMLRLNHJGFAI58CC,29,66.35,住家用,鋼筋混凝土造,84年5月22日,十二層,,
RPSNMLNLNHJGFAI48CC,6,3.27,本共有部分之項目有機械室、樓梯間及水箱等３項,鋼筋混凝土構造,107年8月2日,五層,,
RPPNMLRLNHJGFAI58CC,29,16.96,共有部份,鋼筋混凝土造,84年5月22日,十二層,,
RPTNMLRLNHJGFAI98CC,31,149.47,住商用,鋼筋混凝土造,82年1月8日,七層,,
RPPOMLRLNHJGFAI68CC,16,8.36,辦公室,鋼筋混凝土造,97年3月3日,四層,,
RPTNMLRLNHJGFAI98CC,31,20.06,共有部份,鋼筋混凝土造,82年1月8日,七層,,
RPPOMLRLNHJGFAI68CC,16,5.66,共有部份,鋼筋混凝土造,97年3月3日,四層,,
RPUNMLRLNHJGFAI09CC,44,84.45,國民住宅,鋼筋混凝土加強磚造,69年9月17日,四層,,
RPQNMLSLNHJGFAI78CC,49,87.06,住商用,見使用執照,63年11月23日,二層,,
RPUNMLRLNHJGFAI09CC,44,2.43,共有部份,鋼筋混凝土加強磚造,69年9月17日,四層,,
RPVNMLSLNHJGFAI66CC,36,39.03,辦公室,鋼筋混凝土造,77年11月8日,七層,,
RPVNMLSLNHJGFAI66CC,36,6.58,共有部份,鋼筋混凝土造,77年11月8日,七層,,
RPXNMLRLNHJGFAI76CC,2,25.06,集合住宅、店舖、停車空間、樓梯間,鋼筋混凝土構造,111年10月20日,四層,,
RPPNMLSLNHJGFAI68CC,2,25.06,集合住宅、店舖、停車空間、樓梯間,鋼筋混凝土構造,111年10月20日,四層,,
RPUNMLSLNHJGFAI56CC,9,19.80,住宅、停車空間、店舖、門廊,鋼筋混凝土構造,104年9月10日,四層,,
RPOOMLRLNHJGFAI58CC,25,46.70,住家用,鋼筋混凝土造,88年4月21日,十四層,,
RPOOMLRLNHJGFAI58CC,25,20.14,共有部份,鋼筋混凝土造,88年4月21日,十四層,,
RPQOMLRLNHJGFAI78CC,16,8.36,辦公室,鋼筋混凝土造,97年3月3日,四層,,
RPQOMLRLNHJGFAI78CC,16,5.66,共有部份,鋼筋混凝土造,97年3月3日,四層,,
RPOOMLSLNHJGFAI68CC,36,128.60,住家用,加強磚造,77年5月23日,二層,,
RPWNMLSLNHJGFAI76CC,7,48.11,住宅、樓梯間,鋼筋混凝土構造,106年1月25日,三層,,
RPPOMLSLNHJGFAI78CC,39,69.23,住家用,鋼筋混凝土造,73年11月29日,六層,,
RPPOMLSLNHJGFAI78CC,39,4.78,共有部份,鋼筋混凝土造,73年11月29日,六層,,
RPPOMLSLNHJGFAI78CC,39,7.83,共有部份,鋼筋混凝土造,73年11月29日,六層,,
RPQNMLKMNHJGFAI08CC,1,51.12,店舖、樓梯間,鋼筋混凝土造,112年8月4日,三層,,
RPUNMLTLNHJGFAI66CC,30,22.18,住家用,鋼筋混凝土造,82年12月27日,八層,,
RPPNMLTLNHJGFAI78CC,16,8.36,辦公室,鋼筋混凝土造,97年3月3日,四層,,
RPUNMLTLNHJGFAI66CC,30,4.81,共有部份,鋼筋混凝土造,82年12月27日,八層,,
RPPNMLTLNHJGFAI78CC,16,5.66,共有部份,鋼筋混凝土造,97年3月3日,四層,,
RPUNMLTLNHJGFAI66CC,30,3.67,共有部份,鋼筋混凝土造,82年12月27日,八層,,
RPRNMLTLNHJGFAI98CC,40,25.33,住商用,鋼筋混凝土造,73年6月22日,三層,,
RPTNMLTLNHJGFAI56CC,27,81.12,住家用,鋼筋混凝土加強磚造,86年10月30日,四層,,
RPTNMLTLNHJGFAI56CC,27,7.41,共有部份,鋼筋混凝土加強磚造,86年10月30日,四層,,
RPSOMLSLNHJGFAI09CC,1,57.14,集合住宅,鋼筋混凝土造,112年10月4日,五層,,
RPSNMLKMNHJGFAI28CC,30,101.28,住家用,鋼筋混凝土造,82年12月7日,七層,,
RPSOMLSLNHJGFAI09CC,1,25.33,本共有部分之項目有電信室、戶外安全梯電梯、停車空間、管理維護空間、樓梯間、水箱及無障礙廁所等７項,鋼筋混凝土造,112年10月4日,五層,,
RPSNMLKMNHJGFAI28CC,30,29.82,共有部份,鋼筋混凝土造,82年12月7日,七層,,
RPTNMLKMNHJGFAI38CC,30,71.85,住家用,鋼筋混凝土造,82年5月15日,十五層,,
RPTNMLKMNHJGFAI38CC,30,9.56,共有部份,鋼筋混凝土造,82年5月15日,十五層,,
RPTNMLKMNHJGFAI38CC,30,11.10,共有部份,鋼筋混凝土造,82年5月15日,十五層,,
RPQOMLSLNHJGFAI88CC,28,90.59,住家用,鋼筋混凝土造,85年2月5日,十五層,,
RPQOMLSLNHJGFAI88CC,28,15.89,共有部份,鋼筋混凝土造,85年2月5日,十五層,,
RPQOMLSLNHJGFAI88CC,28,8.19,門廳、防空避難室,鋼筋混凝土造,85年2月5日,十五層,,
RPVNMLKMNHJGFAI58CC,49,75.98,住家用,鋼筋混凝土加強磚造,63年7月22日,二層,,
RPUNMLKMNHJGFAI48CC,34,99.25,住家用,鋼筋混凝土造,78年1月17日,七層,,
RPUNMLKMNHJGFAI48CC,34,15.45,共有部份,鋼筋混凝土造,78年1月17日,七層,,
RPWNMLKMNHJGFAI68CC,31,68.89,住家用,鋼筋混凝土造,82年2月22日,六層,,
RPWNMLKMNHJGFAI68CC,31,29.94,共有部份,鋼筋混凝土造,82年2月22日,六層,,
RPRNMLNJOHJGFAI28CC,30,70.60,住家用,鋼筋混凝土造,83年4月9日,七層,,
RPXNMLKMNHJGFAI78CC,29,54.59,住家用,鋼筋混凝土造,84年10月4日,十一層,,
RPXNMLKMNHJGFAI78CC,29,12.07,共有部份,鋼筋混凝土造,84年10月4日,十一層,,
RPRNMLNJOHJGFAI28CC,30,59.71,共有部份,鋼筋混凝土造,83年4月9日,七層,,
RPXNMLKMNHJGFAI78CC,29,7.79,共有部份,鋼筋混凝土造,84年10月4日,十一層,,
RPSNMLLMNHJGFAI38CC,33,183.29,儲藏室、娛樂室、住房,鋼筋混凝土造,80年4月22日,四層,,
RPRNMLLMNHJGFAI28CC,16,8.62,辦公室,鋼筋混凝土造,97年3月3日,四層,,
RPQNMLLMNHJGFAI18CC,33,108.41,住商用,鋼筋混凝土造,80年4月25日,四層,,
RPRNMLLMNHJGFAI28CC,16,5.80,共有部份,鋼筋混凝土造,97年3月3日,四層,,
RPSNMLOJOHJGFAI48CC,9,30.00,店舖、住宅,鋼筋混凝土構造,104年11月10日,五層,,
RPQNMLOJOHJGFAI28CC,16,8.36,辦公室,鋼筋混凝土造,97年3月3日,四層,,
RPQNMLOJOHJGFAI28CC,16,5.66,共有部份,鋼筋混凝土造,97年3月3日,四層,,
RPPNMLNJOHJGFAI08CC,30,162.53,住家用,鋼筋混凝土造,83年5月6日,五層,,
RPPNMLNJOHJGFAI08CC,30,32.24,共有部份,鋼筋混凝土造,83年5月6日,五層,,
RPQNMLNJOHJGFAI18CC,28,76.97,住家用,鋼筋混凝土造,85年6月18日,九層,,
RPQNMLNJOHJGFAI18CC,28,44.02,共有部份,鋼筋混凝土造,85年6月18日,九層,,
RPRNMLOJOHJGFAI38CC,9,20.00,店舖、住宅,鋼筋混凝土構造,104年11月10日,五層,,
RPXNMLOJOHJGFAI98CC,44,96.64,住家用,鋼筋混凝土加強磚造,68年11月23日,二層,,
RPPNMLPJOHJGFAI28CC,16,8.36,辦公室,鋼筋混凝土造,97年3月3日,四層,,
RPSNMLPJOHJGFAI58CC,40,20.33,住商用,鋼筋混凝土造,73年6月22日,三層,,
RPPNMLPJOHJGFAI28CC,16,5.66,共有部份,鋼筋混凝土造,97年3月3日,四層,,
RPUNMLOJOHJGFAI68CC,33,24.37,住家用,鋼筋混凝土造,80年6月26日,六層,,
RPVNMLOJOHJGFAI78CC,20,108.26,住家用,鋼筋混凝土造,93年11月3日,十四層,,
RPUNMLOJOHJGFAI68CC,33,8.92,共有部份,鋼筋混凝土造,80年6月26日,六層,,
RPWNMLOJOHJGFAI88CC,31,23.79,住家用,鋼筋混凝土造,82年1月11日,七層,,
RPWNMLOJOHJGFAI88CC,31,7.70,共有部份,鋼筋混凝土造,82年1月11日,七層,,
RPVNMLOJOHJGFAI78CC,20,75.38,共有部份,鋼筋混凝土造,93年11月3日,十四層,,
RPQNMLQJOHJGFAI48CC,25,27.51,住家用,鋼筋混凝土造,88年4月21日,十四層,,
RPQNMLQJOHJGFAI48CC,25,13.94,共有部份,鋼筋混凝土造,88年4月21日,十四層,,
RPPNMLQJOHJGFAI38CC,32,32.07,住家用,鋼筋混凝土造,81年10月29日,十層,,
RPPNMLQJOHJGFAI38CC,32,1.60,共有部份,鋼筋混凝土造,81年10月29日,十層,,
RPPNMLQJOHJGFAI38CC,32,2.49,共有部份,鋼筋混凝土造,81年10月29日,十層,,
RPQNMLPJOHJGFAI38CC,30,48.32,住家用,鋼筋混凝土造,83年1月11日,八層,,
RPPNMLQJOHJGFAI38CC,32,4.86,共有部份,鋼筋混凝土造,81年10月29日,十層,,
RPQNMLPJOHJGFAI38CC,30,12.72,共有部份,鋼筋混凝土造,83年1月11日,八層,,
RPVNMLQJOHJGFAI98CC,29,215.07,住家用,鋼筋混凝土造,84年8月24日,四層,,
RPSNMLQJOHJGFAI68CC,30,77.79,住家用,鋼筋混凝土造,83年11月23日,十一層,,
RPSNMLQJOHJGFAI68CC,30,25.53,共有部份,鋼筋混凝土造,83年11月23日,十一層,,
RPRNMLQJOHJGFAI58CC,33,103.01,住家用,鋼筋混凝土造,80年11月25日,十層,,
RPRNMLQJOHJGFAI58CC,33,17.64,共有部份,鋼筋混凝土造,80年11月25日,十層,,
RPUNMLQJOHJGFAI88CC,7,78.01,住家用,鋼筋混凝土構造,106年7月25日,十層,,
RPUNMLQJOHJGFAI88CC,7,27.53,本共有部分之項目有樓梯、電梯、梯廳、停車空間、防空避難室兼停車空間、管理維護室、梯間、水箱及電梯緩衝空間等９項,鋼筋混凝土構造,106年7月25日,十層,,
RPUNMLQJOHJGFAI88CC,7,20.39,本共有部分之項目有樓梯、電梯及梯廳等３項,鋼筋混凝土構造,106年7月25日,十層,,
RPUNMLQJOHJGFAI88CC,7,4.85,本共有部分之項目有停車空間等１項,鋼筋混凝土構造,106年7月25日,十層,,
RPSNMLRJOHJGFAI78CC,31,83.66,住家用,鋼筋混凝土造,82年5月25日,十層,,
RPQNMLRJOHJGFAI58CC,28,53.96,住家用,鋼筋混凝土造,85年3月11日,二十層,,
RPSNMLRJOHJGFAI78CC,31,15.37,共有部份,鋼筋混凝土造,82年5月25日,十層,,
RPQNMLRJOHJGFAI58CC,28,15.06,共有部份,鋼筋混凝土造,85年3月11日,二十層,,
RPWNMLQJOHJGFAI09CC,30,103.53,住家用,鋼筋混凝土造,82年12月23日,十二層,,
RPSNMLRJOHJGFAI78CC,31,11.26,共有部份,鋼筋混凝土造,82年5月25日,十層,,
RPWNMLQJOHJGFAI09CC,30,10.34,共有部份,鋼筋混凝土造,82年12月23日,十二層,,
RPOOMLQJOHJGFAI38CC,10,16.53,騎樓、私設騎樓、店舖、住宅、樓梯間,鋼筋混凝土構造,103年6月24日,五層,,
RPWNMLQJOHJGFAI09CC,30,1.20,共有部份,鋼筋混凝土造,82年12月23日,十二層,,
RPWNMLQJOHJGFAI09CC,30,15.81,共有部份,鋼筋混凝土造,82年12月23日,十二層,,
RPRNMLRJOHJGFAI68CC,25,208.36,車庫、住宅,鋼筋混凝土造,88年3月4日,四層,,
RPPNMLRJOHJGFAI48CC,30,121.79,住家用,鋼筋混凝土造,83年9月5日,十二層,,
RPPNMLRJOHJGFAI48CC,30,36.20,共有部份,鋼筋混凝土造,83年9月5日,十二層,,
RPTNMLRJOHJGFAI88CC,28,273.50,住商用,鋼筋混凝土造,84年12月15日,五層,,
RPWNMLRJOHJGFAI56CC,29,94.84,住家用,鋼筋混凝土造,83年12月23日,十三層,,
RPVNMLRJOHJGFAI09CC,35,49.58,住商用,鋼筋混凝土造,78年10月2日,四層,,
RPWNMLRJOHJGFAI56CC,29,33.64,共有部份,鋼筋混凝土造,83年12月23日,十三層,,
RPXNMLQJOHJGFAI56CC,10,16.53,騎樓、私設騎樓、店舖、住宅、樓梯間,鋼筋混凝土構造,103年6月24日,五層,,
RPROMLRJOHJGFAI78CC,31,18.24,住家用,鋼筋混凝土造,82年6月9日,十二層,,
RPOOMLRJOHJGFAI48CC,29,28.20,住家用,鋼筋混凝土造,84年2月11日,七層,,
RPROMLRJOHJGFAI78CC,31,3.41,共有部份,鋼筋混凝土造,82年6月9日,十二層,,
RPROMLRJOHJGFAI78CC,31,5.28,共有部份,鋼筋混凝土造,82年6月9日,十二層,,
RPPOMLRJOHJGFAI58CC,29,22.95,住家用,鋼筋混凝土造,84年1月12日,五層,,
RPPOMLRJOHJGFAI58CC,29,7.15,共有部份,鋼筋混凝土造,84年1月12日,五層,,
RPOOMLRJOHJGFAI48CC,29,11.57,共有部份,鋼筋混凝土造,84年2月11日,七層,,
RPSOMLRJOHJGFAI88CC,25,27.51,住家用,鋼筋混凝土造,88年4月21日,十四層,,
RPSOMLRJOHJGFAI88CC,25,11.62,共有部份,鋼筋混凝土造,88年4月21日,十四層,,
RPUOMLRJOHJGFAI09CC,34,36.64,住家用,鋼筋混凝土造,79年11月19日,七層,,
RPTOMLRJOHJGFAI98CC,31,174.50,住家用,鋼筋混凝土造,82年8月4日,四層,,
RPUOMLRJOHJGFAI09CC,34,10.14,共有部份,鋼筋混凝土造,79年11月19日,七層,,
RPXNMLRJOHJGFAI66CC,35,49.58,住商用,鋼筋混凝土造,78年10月2日,四層,,
RPWOMLRJOHJGFAI66CC,29,87.63,住家用,鋼筋混凝土造,84年10月4日,十一層,,
RPXOMLRJOHJGFAI76CC,35,121.61,住家用,鋼筋混凝土造,78年3月24日,二層,,
RPWOMLRJOHJGFAI66CC,29,16.19,共有部份,鋼筋混凝土造,84年10月4日,十一層,,
RPWOMLRJOHJGFAI66CC,29,11.68,共有部份,鋼筋混凝土造,84年10月4日,十一層,,
RPVOMLRJOHJGFAI56CC,1,57.14,集合住宅,鋼筋混凝土造,112年10月4日,五層,,
RPVOMLRJOHJGFAI56CC,1,25.33,本共有部分之項目有電信室、戶外安全梯電梯、停車空間、管理維護空間、樓梯間、水箱及無障礙廁所等７項,鋼筋混凝土造,112年10月4日,五層,,
RPPNMLTJOHJGFAI68CC,35,49.58,住商用,鋼筋混凝土造,78年10月2日,四層,,
RPOPMLRJOHJGFAI58CC,29,23.37,住家用,鋼筋混凝土造,84年10月4日,十一層,,
RPOPMLRJOHJGFAI58CC,29,4.55,共有部份,鋼筋混凝土造,84年10月4日,十一層,,
RPOPMLRJOHJGFAI58CC,29,3.34,共有部份,鋼筋混凝土造,84年10月4日,十一層,,
RPVNMLLKOHJGFAI58CC,26,239.19,住商用,鋼筋混凝土造,86年12月30日,四層,,
RPXNMLLKOHJGFAI78CC,3,34.00,店舖、住宅、停車空間、樓梯間,鋼筋混凝土構造,110年9月16日,五層,,
RPOOMLLKOHJGFAI97CC,16,8.36,辦公室,鋼筋混凝土造,97年3月3日,四層,,
RPPOMLLKOHJGFAI08CC,31,86.52,住家用,鋼筋混凝土造,82年5月15日,十五層,,
RPTNMLLKOHJGFAI38CC,28,33.58,住家用,鋼筋混凝土造,85年3月11日,二十層,,
RPPOMLLKOHJGFAI08CC,31,9.74,共有部份,鋼筋混凝土造,82年5月15日,十五層,,
RPOOMLLKOHJGFAI97CC,16,5.66,共有部份,鋼筋混凝土造,97年3月3日,四層,,
RPTNMLLKOHJGFAI38CC,28,16.57,共有部份,鋼筋混凝土造,85年3月11日,二十層,,
RPPOMLLKOHJGFAI08CC,31,13.36,共有部份,鋼筋混凝土造,82年5月15日,十五層,,
RPUNMLLKOHJGFAI48CC,41,79.27,住家用,鋼筋混凝土造,72年5月17日,二層,,
RPWNMLLKOHJGFAI68CC,3,34.00,店舖、住宅、停車空間、樓梯間,鋼筋混凝土構造,110年9月16日,五層,,
RPROMLLKOHJGFAI28CC,30,100.34,住家用,鋼筋混凝土造,83年1月27日,八層,,
RPROMLLKOHJGFAI28CC,30,42.31,共有部份,鋼筋混凝土造,83年1月27日,八層,,
RPSOMLLKOHJGFAI38CC,29,23.37,住家用,鋼筋混凝土造,84年10月4日,十一層,,
RPSOMLLKOHJGFAI38CC,29,4.55,共有部份,鋼筋混凝土造,84年10月4日,十一層,,
RPSOMLLKOHJGFAI38CC,29,3.34,共有部份,鋼筋混凝土造,84年10月4日,十一層,,
RPQOMLLKOHJGFAI18CC,16,8.36,辦公室,鋼筋混凝土造,97年3月3日,四層,,
RPQOMLLKOHJGFAI18CC,16,5.66,共有部份,鋼筋混凝土造,97年3月3日,四層,,
RPRNMLMKOHJGFAI28CC,33,21.00,住家用,鋼筋混凝土加強磚造,80年6月13日,三層,,
RPSNMLMKOHJGFAI38CC,29,124.39,住家用,鋼筋混凝土造,84年2月11日,七層,,
RPSNMLMKOHJGFAI38CC,29,35.88,共有部份,鋼筋混凝土造,84年2月11日,七層,,
RPTOMLLKOHJGFAI48CC,16,8.36,辦公室,鋼筋混凝土造,97年3月3日,四層,,
RPTOMLLKOHJGFAI48CC,16,5.66,共有部份,鋼筋混凝土造,97年3月3日,四層,,
RPWNMLMKOHJGFAI78CC,28,33.98,住家用,鋼筋混凝土造,85年6月18日,九層,,
RPWNMLMKOHJGFAI78CC,28,11.92,共有部份,鋼筋混凝土造,85年6月18日,九層,,
RPVNMLMKOHJGFAI68CC,29,33.32,住家用,鋼筋混凝土造,84年10月13日,八層,,
RPUNMLMKOHJGFAI58CC,29,26.86,住家用,鋼筋混凝土造,84年7月24日,十四層,,
RPPNMLMKOHJGFAI08CC,31,41.89,住家用,鋼筋混凝土造,82年6月9日,十六層,,
RPVNMLMKOHJGFAI68CC,29,9.35,共有部份,鋼筋混凝土造,84年10月13日,八層,,
RPPNMLMKOHJGFAI08CC,31,6.82,共有部份,鋼筋混凝土造,82年6月9日,十六層,,
RPUNMLMKOHJGFAI58CC,29,6.74,共有部份,鋼筋混凝土造,84年7月24日,十四層,,
RPPNMLMKOHJGFAI08CC,31,6.29,共有部份,鋼筋混凝土造,82年6月9日,十六層,,
RPUNMLMKOHJGFAI58CC,29,5.23,共有部份,鋼筋混凝土造,84年7月24日,十四層,,
RPRNMLNKOHJGFAI38CC,29,28.20,住家用,鋼筋混凝土造,84年2月11日,七層,,
RPRNMLNKOHJGFAI38CC,29,11.57,共有部份,鋼筋混凝土造,84年2月11日,七層,,
RPXNMLMKOHJGFAI88CC,52,92.05,住家用,鋼筋混凝土加強磚造,61年1月20日,二層,,
RPQNMLNKOHJGFAI28CC,6,9.62,集合住宅,鋼筋混凝土構造,107年8月2日,五層,,
RPQNMLNKOHJGFAI28CC,6,3.31,本共有部分之項目有機械室、樓梯間及水箱等３項,鋼筋混凝土構造,107年8月2日,五層,,
RPPNMLNKOHJGFAI18CC,6,9.50,集合住宅,鋼筋混凝土構造,107年8月2日,五層,,
RPPNMLNKOHJGFAI18CC,6,3.27,本共有部分之項目有機械室、樓梯間及水箱等３項,鋼筋混凝土構造,107年8月2日,五層,,
RPSNMLNKOHJGFAI48CC,6,9.62,集合住宅,鋼筋混凝土構造,107年8月2日,五層,,
RPSNMLNKOHJGFAI48CC,6,3.31,本共有部分之項目有機械室、樓梯間及水箱等３項,鋼筋混凝土構造,107年8月2日,五層,,
RPPNMLKKOHJGFAI87CC,37,112.35,住家用,鋼筋混凝土造,76年1月12日,二層,,
RPRNMLLKOHJGFAI18CC,35,32.24,住家用,鋼筋混凝土造,78年1月17日,七層,,
RPRNMLLKOHJGFAI18CC,35,5.06,共有部份,鋼筋混凝土造,78年1月17日,七層,,
RPSNMLLKOHJGFAI28CC,31,89.92,住家用,鋼筋混凝土造,82年10月21日,十二層,,
RPSNMLLKOHJGFAI28CC,31,31.17,共有部份,鋼筋混凝土造,82年10月21日,十二層,,
RPVNMLNKOHJGFAI78CC,20,115.04,住家用,鋼筋混凝土造,93年10月28日,十二層,,
RPSNMLOKOHJGFAI58CC,30,34.53,住家用,鋼筋混凝土造,83年11月28日,十二層,,
RPRNMLRKOHJGFAI78CC,31,19.06,住家用,鋼筋混凝土造,82年6月9日,十二層,,
RPQNMLRKOHJGFAI68CC,29,33.47,住家用,鋼筋混凝土造,84年10月3日,五層,,
RPVNMLNKOHJGFAI78CC,20,72.28,共有部份,鋼筋混凝土造,93年10月28日,十二層,,
RPSNMLOKOHJGFAI58CC,30,12.61,共有部份,鋼筋混凝土造,83年11月28日,十二層,,
RPQNMLOKOHJGFAI38CC,29,28.88,住家用,鋼筋混凝土造,84年5月17日,九層,,
RPRNMLRKOHJGFAI78CC,31,3.52,共有部份,鋼筋混凝土造,82年6月9日,十二層,,
RPQNMLRKOHJGFAI68CC,29,6.83,共有部份,鋼筋混凝土造,84年10月3日,五層,,
RPQNMLOKOHJGFAI38CC,29,10.00,共有部份,鋼筋混凝土造,84年5月17日,九層,,
RPRNMLRKOHJGFAI78CC,31,5.53,共有部份,鋼筋混凝土造,82年6月9日,十二層,,
RPRNMLOKOHJGFAI48CC,29,92.38,住家用,鋼筋混凝土造,84年11月9日,十六層,,
RPRNMLOKOHJGFAI48CC,29,33.71,共有部份,鋼筋混凝土造,84年11月9日,十六層,,
RPUNMLNKOHJGFAI68CC,1,57.41,集合住宅,鋼筋混凝土造,112年10月4日,五層,,
RPUNMLNKOHJGFAI68CC,1,25.33,本共有部分之項目有電信室、戶外安全梯電梯、停車空間、管理維護空間、樓梯間、水箱及無障礙廁所等７項,鋼筋混凝土造,112年10月4日,五層,,
RPTNMLNKOHJGFAI58CC,6,9.50,集合住宅,鋼筋混凝土構造,107年8月2日,五層,,
RPTNMLNKOHJGFAI58CC,6,3.27,本共有部分之項目有機械室、樓梯間及水箱等３項,鋼筋混凝土構造,107年8月2日,五層,,
RPPNMLRKOHJGFAI58CC,25,27.51,住家用,鋼筋混凝土造,88年4月21日,十四層,,
RPPNMLRKOHJGFAI58CC,25,11.62,共有部份,鋼筋混凝土造,88年4月21日,十四層,,
RPPNMLOKOHJGFAI28CC,30,97.53,住家用,鋼筋混凝土造,82年12月7日,七層,,
RPPNMLOKOHJGFAI28CC,30,59.63,共有部份,鋼筋混凝土造,82年12月7日,七層,,
RPUNMLRKOHJGFAI09CC,16,8.62,辦公室,鋼筋混凝土造,97年3月3日,四層,,
RPSNMLRKOHJGFAI88CC,35,19.83,住商用,鋼筋混凝土造,78年10月2日,四層,,
RPUNMLRKOHJGFAI09CC,16,5.80,共有部份,鋼筋混凝土造,97年3月3日,四層,,
RPTNMLRKOHJGFAI98CC,16,8.36,辦公室,鋼筋混凝土造,97年3月3日,四層,,
RPTNMLRKOHJGFAI98CC,16,5.66,共有部份,鋼筋混凝土造,97年3月3日,四層,,
RPPNMLSKOHJGFAI68CC,25,26.29,住家用,鋼筋混凝土造,88年5月10日,五層,,
RPPNMLSKOHJGFAI68CC,25,8.75,共有部份,鋼筋混凝土造,88年5月10日,五層,,
RPQNMLSKOHJGFAI78CC,25,55.06,住家用,鋼筋混凝土造,88年4月21日,十四層,,
RPVNMLSKOHJGFAI66CC,31,25.64,住家用,鋼筋混凝土造,82年1月11日,七層,,
RPQNMLSKOHJGFAI78CC,25,24.01,共有部份,鋼筋混凝土造,88年4月21日,十四層,,
RPXNMLSKOHJGFAI86CC,46,98.38,住商用,鋼筋混凝土加強磚造,67年10月14日,二層,,
RPVNMLSKOHJGFAI66CC,31,8.23,共有部份,鋼筋混凝土造,82年1月11日,七層,,
RPUNMLSKOHJGFAI56CC,30,91.97,住家用,鋼筋混凝土造,83年4月6日,十二層,,
RPRNMLSKOHJGFAI88CC,36,23.52,商業用,鋼筋混凝土造,77年11月8日,七層,,
RPUNMLSKOHJGFAI56CC,30,16.22,共有部份,鋼筋混凝土造,83年4月6日,十二層,,
RPOOMLSKOHJGFAI68CC,39,33.42,住家用,鋼筋混凝土造,74年11月29日,五層,,
RPRNMLSKOHJGFAI88CC,36,3.93,共有部份,鋼筋混凝土造,77年11月8日,七層,,
RPTNMLSKOHJGFAI09CC,32,93.56,住家用,鋼筋混凝土造,81年11月11日,五層,,
RPUNMLSKOHJGFAI56CC,30,11.01,共有部份,鋼筋混凝土造,83年4月6日,十二層,,
RPOOMLSKOHJGFAI68CC,39,5.75,共有部份,鋼筋混凝土造,74年11月29日,五層,,
RPTNMLSKOHJGFAI09CC,32,18.48,共有部份,鋼筋混凝土造,81年11月11日,五層,,
RPOOMLSKOHJGFAI68CC,39,3.88,共有部份,鋼筋混凝土造,74年11月29日,五層,,
RPWNMLSKOHJGFAI76CC,30,24.15,住家用,鋼筋混凝土造,83年3月22日,九層,,
RPVNMLRKOHJGFAI56CC,25,56.96,住家用,鋼筋混凝土造,88年2月12日,十三層,,
RPWNMLSKOHJGFAI76CC,30,13.01,共有部份,鋼筋混凝土造,83年3月22日,九層,,
RPVNMLRKOHJGFAI56CC,25,8.98,共有部份,鋼筋混凝土造,88年2月12日,十三層,,
RPVNMLRKOHJGFAI56CC,25,12.28,共有部份,鋼筋混凝土造,88年2月12日,十三層,,
RPPOMLSKOHJGFAI78CC,20,108.26,住家用,鋼筋混凝土造,93年11月3日,十四層,,
RPPOMLSKOHJGFAI78CC,20,75.38,共有部份,鋼筋混凝土造,93年11月3日,十四層,,
RPSOMLSKOHJGFAI09CC,26,107.49,住家用,鋼筋混凝土造,87年3月19日,二十二層,,
RPSOMLSKOHJGFAI09CC,26,19.77,共有部份,鋼筋混凝土造,87年3月19日,二十二層,,
RPSOMLSKOHJGFAI09CC,26,23.26,共有部份,鋼筋混凝土造,87年3月19日,二十二層,,
RPVNMLTKOHJGFAI76CC,31,209.38,住商用,鋼筋混凝土造,82年10月8日,四層,,
RPQNMLTKOHJGFAI88CC,6,9.50,集合住宅,鋼筋混凝土構造,107年8月2日,五層,,
RPTNMLTKOHJGFAI56CC,6,9.50,集合住宅,鋼筋混凝土構造,107年8月2日,五層,,
RPQNMLTKOHJGFAI88CC,6,3.27,本共有部分之項目有機械室、樓梯間及水箱等３項,鋼筋混凝土構造,107年8月2日,五層,,
RPRNMLTKOHJGFAI98CC,6,9.62,集合住宅,鋼筋混凝土構造,107年8月2日,五層,,
RPTNMLTKOHJGFAI56CC,6,3.27,本共有部分之項目有機械室、樓梯間及水箱等３項,鋼筋混凝土構造,107年8月2日,五層,,
RPRNMLTKOHJGFAI98CC,6,3.31,本共有部分之項目有機械室、樓梯間及水箱等３項,鋼筋混凝土構造,107年8月2日,五層,,
RPQOMLSKOHJGFAI88CC,31,90.92,住家用,鋼筋混凝土造,82年10月18日,十四層,,
RPQOMLSKOHJGFAI88CC,31,27.96,共有部份,鋼筋混凝土造,82年10月18日,十四層,,
RPOOMLTKOHJGFAI78CC,5,20.60,住家用,鋼筋混凝土構造,108年11月25日,五層,,
RPPNMLTKOHJGFAI78CC,6,9.62,集合住宅,鋼筋混凝土構造,107年8月2日,五層,,
RPOOMLTKOHJGFAI78CC,5,5.73,共有部分項目有：管理維護空間、梯廳、樓梯間、管道間、過樑,鋼筋混凝土構造,108年11月25日,五層,,
RPPNMLTKOHJGFAI78CC,6,3.31,本共有部分之項目有機械室、樓梯間及水箱等３項,鋼筋混凝土構造,107年8月2日,五層,,
RPXNMLTKOHJGFAI96CC,33,21.00,住家用,鋼筋混凝土加強磚造,80年6月13日,三層,,
RPWNMLTKOHJGFAI86CC,29,99.06,住商用,鋼筋混凝土造,84年1月23日,五層,,
RPPOMLTKOHJGFAI88CC,38,86.99,住家用,鋼筋混凝土造,74年11月29日,五層,,
RPPOMLTKOHJGFAI88CC,38,15.69,共有部份,鋼筋混凝土造,74年11月29日,五層,,
RPPOMLTKOHJGFAI88CC,38,10.57,共有部份,鋼筋混凝土造,74年11月29日,五層,,
RPQNMLKLOHJGFAI08CC,1,83.58,集合住宅,鋼筋混凝土造,112年10月2日,十層,,
RPQNMLKLOHJGFAI08CC,1,63.05,本共有部分之項目有公共空間、停車空間、防空避難室兼停車空間、管委會使用空間、門廊及交誼空間等６項,鋼筋混凝土造,112年10月2日,十層,,
RPQNMLKLOHJGFAI08CC,1,15.62,本共有部分之項目有安全梯、戶外安全梯、管道間、昇降機道、梯廳、蓄水池、昇降機機械房及樓梯間等８項,鋼筋混凝土造,112年10月2日,十層,,
RPQNMLKLOHJGFAI08CC,1,8.61,本共有部分之項目有梯廳等１項,鋼筋混凝土造,112年10月2日,十層,,
RPXNMLKLOHJGFAI78CC,27,21.63,住家用,鋼筋混凝土造,86年5月16日,七層,,
RPXNMLKLOHJGFAI78CC,27,4.66,共有部份,鋼筋混凝土造,86年5月16日,七層,,
RPXNMLKLOHJGFAI78CC,27,6.32,共有部份,鋼筋混凝土造,86年5月16日,七層,,
RPQNMLLLOHJGFAI18CC,16,8.36,辦公室,鋼筋混凝土造,97年3月3日,四層,,
RPPNMLLLOHJGFAI08CC,16,8.36,辦公室,鋼筋混凝土造,97年3月3日,四層,,
RPQNMLLLOHJGFAI18CC,16,5.66,共有部份,鋼筋混凝土造,97年3月3日,四層,,
RPPNMLLLOHJGFAI08CC,16,5.66,共有部份,鋼筋混凝土造,97年3月3日,四層,,
RPTNMLKLOHJGFAI38CC,31,67.98,住家用,鋼筋混凝土造,82年6月12日,七層,,
RPSNMLKLOHJGFAI28CC,29,93.82,住家用,鋼筋混凝土造,84年2月11日,七層,,
RPTNMLKLOHJGFAI38CC,31,10.62,共有部份,鋼筋混凝土造,82年6月12日,七層,,
RPRNMLLLOHJGFAI28CC,16,8.36,辦公室,鋼筋混凝土造,97年3月3日,四層,,
RPSNMLKLOHJGFAI28CC,29,32.02,共有部份,鋼筋混凝土造,84年2月11日,七層,,
RPWNMLKLOHJGFAI68CC,16,46.69,停車空間、店舖、住宅、梯間,鋼筋混凝土構造,97年12月1日,四層,,
RPTNMLKLOHJGFAI38CC,31,11.19,共有部份,鋼筋混凝土造,82年6月12日,七層,,
RPRNMLLLOHJGFAI28CC,16,5.66,共有部份,鋼筋混凝土造,97年3月3日,四層,,
RPUNMLKLOHJGFAI48CC,31,18.02,住家用,鋼筋混凝土造,82年6月9日,十二層,,
RPUNMLKLOHJGFAI48CC,31,3.41,共有部份,鋼筋混凝土造,82年6月9日,十二層,,
RPUNMLKLOHJGFAI48CC,31,5.24,共有部份,鋼筋混凝土造,82年6月9日,十二層,,
RPVNMLKLOHJGFAI58CC,38,137.21,住家用,加強磚造,75年1月9日,二層,,
RPRNMLKLOHJGFAI18CC,6,9.62,集合住宅,鋼筋混凝土構造,107年8月2日,五層,,
RPRNMLKLOHJGFAI18CC,6,3.31,本共有部分之項目有機械室、樓梯間及水箱等３項,鋼筋混凝土構造,107年8月2日,五層,,
RPVNMLLLOHJGFAI68CC,35,102.16,住家用,鋼筋混凝土造,78年7月3日,十二層,,
RPVNMLLLOHJGFAI68CC,35,10.20,共有部份,鋼筋混凝土造,78年7月3日,十二層,,
RPWNMLLLOHJGFAI78CC,28,47.45,住家用,鋼筋混凝土造,85年3月11日,二十層,,
RPVNMLLLOHJGFAI68CC,35,10.91,共有部份,鋼筋混凝土造,78年7月3日,十二層,,
RPWNMLLLOHJGFAI78CC,28,12.05,共有部份,鋼筋混凝土造,85年3月11日,二十層,,
RPQNMLOLOHJGFAI48CC,25,120.51,住家用,鋼筋混凝土造,88年4月21日,十四層,,
RPQNMLOLOHJGFAI48CC,25,46.48,共有部份,鋼筋混凝土造,88年4月21日,十四層,,
RPPNMLPLOHJGFAI48CC,34,170.33,住家用,鋼筋混凝土造,79年5月15日,三層,,
RPTNMLLLOHJGFAI48CC,6,9.62,集合住宅,鋼筋混凝土構造,107年8月2日,五層,,
RPTNMLLLOHJGFAI48CC,6,3.31,本共有部分之項目有機械室、樓梯間及水箱等３項,鋼筋混凝土構造,107年8月2日,五層,,
RPSNMLLLOHJGFAI38CC,6,9.62,集合住宅,鋼筋混凝土構造,107年8月2日,五層,,
RPSNMLLLOHJGFAI38CC,6,3.31,本共有部分之項目有機械室、樓梯間及水箱等３項,鋼筋混凝土構造,107年8月2日,五層,,
RPXNMLLLOHJGFAI88CC,20,108.26,住家用,鋼筋混凝土造,93年11月3日,十四層,,
RPXNMLLLOHJGFAI88CC,20,75.38,共有部份,鋼筋混凝土造,93年11月3日,十四層,,
RPQNMLPLOHJGFAI58CC,31,102.83,住家用,鋼筋混凝土造,82年6月12日,六層,,
RPPNMLOLOHJGFAI38CC,29,61.69,住家用,鋼筋混凝土造,84年8月16日,十八層,,
RPQNMLPLOHJGFAI58CC,31,23.35,共有部份,鋼筋混凝土造,82年6月12日,六層,,
RPPNMLOLOHJGFAI38CC,29,21.23,共有部份,鋼筋混凝土造,84年8月16日,十九層,,
RPRNMLOLOHJGFAI58CC,32,111.93,住家用,鋼筋混凝土造,81年8月28日,十層,,
RPRNMLOLOHJGFAI58CC,32,16.01,共有部份,鋼筋混凝土造,81年8月28日,十層,,
RPRNMLOLOHJGFAI58CC,32,25.53,共有部份,鋼筋混凝土造,81年8月28日,十六層,,
RPSNMLPLOHJGFAI78CC,39,323.07,住商用,鋼筋混凝土造,74年5月9日,四層,,
RPTNMLPLOHJGFAI88CC,30,180.61,住商用,鋼筋混凝土造,83年7月6日,四層,,
RPUNMLPLOHJGFAI98CC,26,89.09,住家用,鋼筋混凝土造,87年3月19日,二十二層,,
RPUNMLPLOHJGFAI98CC,26,16.26,共有部份,鋼筋混凝土造,87年3月19日,二十二層,,
RPUNMLPLOHJGFAI98CC,26,19.39,共有部份,鋼筋混凝土造,87年3月19日,二十二層,,
RPRNMLPLOHJGFAI68CC,16,8.36,辦公室,鋼筋混凝土造,97年3月3日,四層,,
RPRNMLPLOHJGFAI68CC,16,5.66,共有部份,鋼筋混凝土造,97年3月3日,四層,,
RPTOMLPLOHJGFAI98CC,41,107.02,住家用,鋼筋混凝土造,72年8月25日,九層,,
RPWNMLPLOHJGFAI56CC,32,109.44,住家用,鋼筋混凝土造,81年11月14日,七層,,
RPTOMLPLOHJGFAI98CC,41,16.62,共有部份,鋼筋混凝土造,72年8月25日,九層,,
RPWNMLPLOHJGFAI56CC,32,14.47,共有部份,鋼筋混凝土造,81年11月14日,七層,,
RPTOMLPLOHJGFAI98CC,41,5.18,共有部份,鋼筋混凝土造,72年8月25日,九層,,
RPWNMLPLOHJGFAI56CC,32,25.45,共有部份,鋼筋混凝土造,81年11月14日,七層,,
RPSOMLPLOHJGFAI88CC,26,79.98,住家用,鋼筋混凝土造,87年3月19日,二十二層,,
RPSOMLPLOHJGFAI88CC,26,16.85,共有部份,鋼筋混凝土造,87年3月19日,二十二層,,
RPXNMLPLOHJGFAI66CC,50,47.00,住家用,鋼筋混凝土加強磚造,63年7月22日,二層,,
RPSOMLPLOHJGFAI88CC,26,18.09,共有部份,鋼筋混凝土造,87年3月19日,二十二層,,
RPPOMLPLOHJGFAI58CC,25,135.13,住家用,鋼筋混凝土造,88年1月15日,五層,,
RPPOMLPLOHJGFAI58CC,25,29.27,共有部份,鋼筋混凝土造,88年1月15日,五層,,
RPROMLPLOHJGFAI78CC,32,84.66,住家用,鋼筋混凝土造,81年7月2日,五層,,
RPROMLPLOHJGFAI78CC,32,14.30,共有部份,鋼筋混凝土造,81年7月2日,五層,,
RPQOMLPLOHJGFAI68CC,31,69.52,住家用,鋼筋混凝土造,82年7月2日,六層,,
RPQOMLPLOHJGFAI68CC,31,33.38,共有部份,鋼筋混凝土造,82年7月2日,六層,,
RPUOMLPLOHJGFAI09CC,34,23.37,住家用,鋼筋混凝土造,79年12月8日,八層,,
RPUOMLPLOHJGFAI09CC,34,5.78,住家用,鋼筋混凝土造,79年12月8日,八層,,
RPOOMLPLOHJGFAI48CC,9,20.00,店舖、住宅,鋼筋混凝土構造,104年11月10日,五層,,
RPVNMLPLOHJGFAI09CC,31,96.66,住家用,鋼筋混凝土造,82年10月21日,十二層,,
RPVNMLPLOHJGFAI09CC,31,32.31,共有部份,鋼筋混凝土造,82年10月21日,十二層,,
RPQNMLQLOHJGFAI68CC,50,84.28,住家用,鋼筋混凝土加強磚造,62年12月16日,二層,,
RPUNMLQLOHJGFAI09CC,31,101.58,住家用,鋼筋混凝土造,82年12月7日,七層,,
RPVNMLQLOHJGFAI56CC,41,34.85,住商用,鋼筋混凝土造,72年7月8日,五層,,
RPWOMLPLOHJGFAI66CC,41,104.69,住家用,鋼筋混凝土造,72年3月31日,五層,,
RPUNMLQLOHJGFAI09CC,31,43.07,共有部份,鋼筋混凝土造,82年12月7日,七層,,
RPVNMLQLOHJGFAI56CC,41,4.12,共有部份,鋼筋混凝土造,72年7月8日,五層,,
RPWOMLPLOHJGFAI66CC,41,7.52,共有部份,鋼筋混凝土造,72年3月31日,五層,,
RPVNMLQLOHJGFAI56CC,41,2.67,共有部份,鋼筋混凝土造,72年7月8日,五層,,
RPVOMLPLOHJGFAI56CC,1,57.14,集合住宅,鋼筋混凝土造,112年10月4日,五層,,
RPPNMLQLOHJGFAI58CC,39,32.30,住家用,鋼筋混凝土造,74年11月29日,五層,,
RPVOMLPLOHJGFAI56CC,1,25.33,本共有部分之項目有電信室、戶外安全梯電梯、停車空間、管理維護空間、樓梯間、水箱及無障礙廁所等７項,鋼筋混凝土造,112年10月4日,五層,,
RPPNMLQLOHJGFAI58CC,39,5.75,共有部份,鋼筋混凝土造,74年11月29日,五層,,
RPPNMLQLOHJGFAI58CC,39,3.88,共有部份,鋼筋混凝土造,74年11月29日,五層,,
RPPNMLRLOHJGFAI68CC,28,47.45,住家用,鋼筋混凝土造,85年3月11日,二十層,,
RPPNMLRLOHJGFAI68CC,28,12.05,共有部份,鋼筋混凝土造,85年3月11日,二十層,,
RPTNMLQLOHJGFAI98CC,32,65.10,住家用,鋼筋混凝土造,81年6月30日,七層,,
RPTNMLQLOHJGFAI98CC,32,21.97,共有部份,鋼筋混凝土造,81年6月30日,七層,,
RPQNMLSLOHJGFAI88CC,6,9.62,集合住宅,鋼筋混凝土構造,107年8月2日,五層,,
RPQNMLSLOHJGFAI88CC,6,3.31,本共有部分之項目有機械室、樓梯間及水箱等３項,鋼筋混凝土構造,107年8月2日,五層,,
RPVNMLRLOHJGFAI66CC,1,60.25,店舖、住宅、樓梯間,鋼筋混凝土造,112年6月27日,四層,,
RPTNMLSLOHJGFAI56CC,33,126.00,住家用,鋼筋混凝土造,80年5月8日,十層,,
RPTNMLSLOHJGFAI56CC,33,24.00,共有部份,鋼筋混凝土造,80年5月8日,十層,,
RPTNMLSLOHJGFAI56CC,33,4.17,共有部份,鋼筋混凝土造,80年5月8日,十層,,
RPPNMLSLOHJGFAI78CC,32,81.83,住家用,鋼筋混凝土造,81年7月2日,五層,,
RPPNMLSLOHJGFAI78CC,32,14.16,共有部份,鋼筋混凝土造,81年7月2日,五層,,
RPSNMLSLOHJGFAI09CC,32,71.88,住家用,鋼筋混凝土造,81年5月13日,七層,,
RPSNMLSLOHJGFAI09CC,32,21.99,共有部份,鋼筋混凝土造,81年5月13日,七層,,
RPUNMLRLOHJGFAI56CC,30,34.53,住家用,鋼筋混凝土造,83年11月28日,十二層,,
RPUNMLRLOHJGFAI56CC,30,12.61,共有部份,鋼筋混凝土造,83年11月28日,十二層,,
RPUNMLSLOHJGFAI66CC,31,54.26,住商用,鋼筋混凝土造,82年5月25日,十層,,
RPUNMLSLOHJGFAI66CC,31,12.98,共有部份,鋼筋混凝土造,82年5月25日,十層,,
RPUNMLSLOHJGFAI66CC,31,8.74,共有部份,鋼筋混凝土造,82年5月25日,十層,,
RPWNMLRLOHJGFAI76CC,1,60.25,店舖、住宅、樓梯間,鋼筋混凝土造,112年6月27日,四層,,
RPRNMLSLOHJGFAI98CC,32,69.12,住家用,鋼筋混凝土造,81年8月28日,十層,,
RPXNMLRLOHJGFAI86CC,42,74.04,國民住宅,鋼筋混凝土造,71年5月3日,五層,,
RPRNMLSLOHJGFAI98CC,32,20.47,共有部份,鋼筋混凝土造,81年8月28日,十層,,
RPXNMLRLOHJGFAI86CC,42,6.80,共有部份,鋼筋混凝土造,71年5月3日,五層,,
RPQNMLLJPHJGFAI08CC,33,102.84,住家用,鋼筋混凝土造,80年6月20日,七層,,
RPQNMLLJPHJGFAI08CC,33,18.38,共有部份,鋼筋混凝土造,80年6月20日,七層,,
RPRNMLLJPHJGFAI18CC,29,95.70,住家用,鋼筋混凝土造,84年8月16日,十八層,,
RPRNMLLJPHJGFAI18CC,29,31.28,共有部份,鋼筋混凝土造,84年8月16日,十九層,,
RPPOMLLJPHJGFAI08CC,45,59.75,住家用,鋼筋混凝土造,68年4月17日,七層,,
RPPOMLLJPHJGFAI08CC,45,12.63,共有部份,鋼筋混凝土造,68年4月17日,七層,,
RPUNMLLJPHJGFAI48CC,30,27.48,住家用,鋼筋混凝土造,83年3月19日,七層,,
RPUNMLLJPHJGFAI48CC,30,12.66,共有部份,鋼筋混凝土造,83年3月19日,七層,,
RPPNMLLJPHJGFAI97CC,32,39.02,住家用,鋼筋混凝土造,81年10月29日,十層,,
RPPNMLLJPHJGFAI97CC,32,2.00,共有部份,鋼筋混凝土造,81年10月29日,十層,,
RPWNMLLJPHJGFAI68CC,29,25.41,住家用,鋼筋混凝土造,84年6月17日,八層,,
RPPNMLLJPHJGFAI97CC,32,2.99,共有部份,鋼筋混凝土造,81年10月29日,十層,,
RPWNMLLJPHJGFAI68CC,29,10.26,共有部份,鋼筋混凝土造,84年6月17日,八層,,
RPPNMLLJPHJGFAI97CC,32,5.93,共有部份,鋼筋混凝土造,81年10月29日,十層,,
RPTNMLLJPHJGFAI38CC,30,115.16,住家用,鋼筋混凝土造,83年5月30日,十六層,,
RPVNMLLJPHJGFAI58CC,31,78.66,住家用,鋼筋混凝土造,82年6月16日,六層,,
RPTNMLLJPHJGFAI38CC,30,54.81,共有部份,鋼筋混凝土造,83年5月30日,十六層,,
RPVNMLLJPHJGFAI58CC,31,14.89,共有部份,鋼筋混凝土造,82年6月16日,六層,,
RPVNMLLJPHJGFAI58CC,31,9.77,共有部份,鋼筋混凝土造,82年6月16日,六層,,
RPVNMLSLOHJGFAI76CC,31,56.61,住家用,鋼筋混凝土造,82年6月23日,十三層,,
RPVNMLSLOHJGFAI76CC,31,6.73,共有部份,鋼筋混凝土造,82年6月23日,十三層,,
RPVNMLSLOHJGFAI76CC,31,8.94,共有部份,鋼筋混凝土造,82年6月23日,十三層,,
RPSNMLLJPHJGFAI28CC,29,86.34,住家用,鋼筋混凝土造,84年10月4日,十一層,,
RPSNMLLJPHJGFAI28CC,29,16.19,共有部份,鋼筋混凝土造,84年10月4日,十一層,,
RPSNMLLJPHJGFAI28CC,29,11.68,共有部份,鋼筋混凝土造,84年10月4日,十一層,,
RPTOMLLJPHJGFAI48CC,40,30.64,住家用,鋼筋混凝土造,73年11月29日,六層,,
RPTOMLLJPHJGFAI48CC,40,6.24,共有部份,鋼筋混凝土造,73年11月29日,六層,,
RPTOMLLJPHJGFAI48CC,40,4.78,共有部份,鋼筋混凝土造,73年11月29日,六層,,
RPROMLLJPHJGFAI28CC,25,27.51,住家用,鋼筋混凝土造,88年4月21日,十四層,,
RPROMLLJPHJGFAI28CC,25,13.94,共有部份,鋼筋混凝土造,88年4月21日,十四層,,
RPSOMLLJPHJGFAI38CC,3,478.38,店舖、住宅、停車空間、騎樓、樓梯間,鋼筋混凝土構造,110年4月28日,四層,,
RPQOMLLJPHJGFAI18CC,33,24.57,住家用,鋼筋混凝土造,80年1月4日,六層,,
RPQOMLLJPHJGFAI18CC,33,5.90,共有部份,鋼筋混凝土造,80年1月4日,六層,,
RPRNMLMJPHJGFAI28CC,31,129.47,住商用,鋼筋混凝土造,82年12月15日,四層,,
RPPNMLNJPHJGFAI18CC,16,8.36,辦公室,鋼筋混凝土造,97年3月3日,四層,,
RPSNMLMJPHJGFAI38CC,29,31.60,住家用,鋼筋混凝土造,84年10月13日,十二層,,
RPPNMLNJPHJGFAI18CC,16,5.66,共有部份,鋼筋混凝土造,97年3月3日,四層,,
RPSNMLMJPHJGFAI38CC,29,7.78,共有部份,鋼筋混凝土造,84年10月13日,十二層,,
RPPNMLMJPHJGFAI08CC,31,21.78,見使用執照,鋼筋混凝土造,82年1月7日,十五層,,
RPPNMLMJPHJGFAI08CC,31,4.74,共有部份,鋼筋混凝土造,82年1月7日,十五層,,
RPPNMLMJPHJGFAI08CC,31,1.23,共有部份,鋼筋混凝土造,82年1月7日,十五層,,
RPQNMLMJPHJGFAI18CC,30,101.29,住家用,鋼筋混凝土造,83年5月30日,十六層,,
RPQNMLMJPHJGFAI18CC,30,51.89,共有部份,鋼筋混凝土造,83年5月30日,十六層,,
RPUNMLMJPHJGFAI58CC,31,101.51,住家用,鋼筋混凝土造,82年6月9日,十二層,,
RPUNMLMJPHJGFAI58CC,31,18.91,共有部份,鋼筋混凝土造,82年6月9日,十二層,,
RPUNMLMJPHJGFAI58CC,31,17.42,共有部份,鋼筋混凝土造,82年6月9日,十二層,,
RPSNMLNJPHJGFAI48CC,16,8.62,辦公室,鋼筋混凝土造,97年3月3日,四層,,
RPSNMLNJPHJGFAI48CC,16,5.80,共有部份,鋼筋混凝土造,97年3月3日,四層,,
RPRNMLNJPHJGFAI38CC,16,8.36,辦公室,鋼筋混凝土造,97年3月3日,四層,,
RPRNMLNJPHJGFAI38CC,16,5.66,共有部份,鋼筋混凝土造,97年3月3日,四層,,
RPVNMLNJPHJGFAI78CC,6,9.62,集合住宅,鋼筋混凝土構造,107年8月2日,五層,,
RPVNMLNJPHJGFAI78CC,6,3.31,本共有部分之項目有機械室、樓梯間及水箱等３項,鋼筋混凝土構造,107年8月2日,五層,,
RPUNMLNJPHJGFAI68CC,21,166.66,辦公室,鋼筋混凝土造,92年5月12日,十層,,
RPUNMLNJPHJGFAI68CC,21,22.46,茶水間，電氣室,鋼筋混凝土造,92年5月12日,十層,,
RPUNMLNJPHJGFAI68CC,21,95.96,防空避難室兼停車空間，梯間，機械室,鋼筋混凝土造,92年5月12日,十層,,
RPTNMLNJPHJGFAI58CC,27,50.00,住家用,鋼筋混凝土加強磚造,86年10月30日,四層,,
RPWNMLNJPHJGFAI88CC,6,9.62,集合住宅,鋼筋混凝土構造,107年8月2日,五層,,
RPWNMLNJPHJGFAI88CC,6,3.31,本共有部分之項目有機械室、樓梯間及水箱等３項,鋼筋混凝土構造,107年8月2日,五層,,
RPXNMLNJPHJGFAI98CC,6,9.50,集合住宅,鋼筋混凝土構造,107年8月2日,五層,,
RPXNMLNJPHJGFAI98CC,6,3.27,本共有部分之項目有機械室、樓梯間及水箱等３項,鋼筋混凝土構造,107年8月2日,五層,,
RPOOMLNJPHJGFAI18CC,6,9.62,集合住宅,鋼筋混凝土構造,107年8月2日,五層,,
RPOOMLNJPHJGFAI18CC,6,3.31,本共有部分之項目有機械室、樓梯間及水箱等３項,鋼筋混凝土構造,107年8月2日,五層,,
RPROMLNJPHJGFAI48CC,3,58.14,集合住宅,鋼筋混凝土構造,110年4月20日,十層,,
RPROMLNJPHJGFAI48CC,3,15.49,本共有部分之項目有門廊、集合住宅、水箱、防空避難室兼停車空間、停車空間、電梯機械室及梯間等７項。,鋼筋混凝土構造,110年4月20日,十層,,
RPROMLNJPHJGFAI48CC,3,16.95,本共有部分之項目有停車空間、防空避難室兼停車空間、管委會空間、集合住宅及門廊等５項。,鋼筋混凝土構造,110年4月20日,十層,,
RPPOMLNJPHJGFAI28CC,32,49.63,住家用,鋼筋混凝土造,81年2月24日,七層,,
RPPOMLNJPHJGFAI28CC,32,18.28,共有部份,鋼筋混凝土造,81年2月24日,七層,,
RPSOMLNJPHJGFAI58CC,40,65.10,住家用,鋼筋混凝土造,73年11月29日,六層,,
RPSOMLNJPHJGFAI58CC,40,4.78,共有部份,鋼筋混凝土造,73年11月29日,六層,,
RPSOMLNJPHJGFAI58CC,40,8.83,共有部份,鋼筋混凝土造,73年11月29日,六層,,
RPWOMLNJPHJGFAI98CC,40,30.64,住家用,鋼筋混凝土造,73年11月29日,六層,,
RPWOMLNJPHJGFAI98CC,40,6.24,共有部份,鋼筋混凝土造,73年11月29日,六層,,
RPWOMLNJPHJGFAI98CC,40,4.78,共有部份,鋼筋混凝土造,73年11月29日,六層,,
RPUOMLNJPHJGFAI78CC,46,58.82,住家用,鋼筋混凝土加強磚造,67年5月29日,一層,,
RPTOMLNJPHJGFAI68CC,41,35.81,住家用,鋼筋混凝土造,72年7月8日,五層,,
RPTOMLNJPHJGFAI68CC,41,3.80,共有部份,鋼筋混凝土造,72年7月8日,五層,,
RPTOMLNJPHJGFAI68CC,41,2.67,共有部份,鋼筋混凝土造,72年7月8日,五層,,
RPVOMLNJPHJGFAI88CC,25,46.70,住家用,鋼筋混凝土造,88年4月21日,十四層,,
RPVOMLNJPHJGFAI88CC,25,20.14,共有部份,鋼筋混凝土造,88年4月21日,十四層,,
RPXOMLNJPHJGFAI09CC,44,46.26,住家用,鋼筋混凝土造,69年3月12日,二層,,
RPOPMLNJPHJGFAI28CC,31,28.64,住家用,鋼筋混凝土造,82年6月9日,十六層,,
RPOPMLNJPHJGFAI28CC,31,4.66,共有部份,鋼筋混凝土造,82年6月9日,十六層,,
RPPNMLOJPHJGFAI28CC,41,63.03,住家用,鋼筋混凝土造,72年5月7日,五層,,
RPOPMLNJPHJGFAI28CC,31,6.21,共有部份,鋼筋混凝土造,82年6月9日,十六層,,
RPPNMLOJPHJGFAI28CC,41,6.80,共有部份,鋼筋混凝土造,72年5月7日,五層,,
RPQNMLOJPHJGFAI38CC,1,57.11,店舖、樓梯間,鋼筋混凝土造,112年8月9日,三層,,
RPRNMLOJPHJGFAI48CC,1,130.47,店舖、樓梯間,鋼筋混凝土造,112年8月9日,三層,,
RPXNMLOJPHJGFAI09CC,6,9.50,集合住宅,鋼筋混凝土構造,107年8月2日,五層,,
RPXNMLOJPHJGFAI09CC,6,3.27,本共有部分之項目有機械室、樓梯間及水箱等３項,鋼筋混凝土構造,107年8月2日,五層,,
RPUNMLOJPHJGFAI78CC,40,31.21,住家用,鋼筋混凝土造,73年11月29日,六層,,
RPPNMLPJPHJGFAI38CC,26,81.41,住家用,鋼筋混凝土造,87年3月19日,二十二層,,
RPUNMLOJPHJGFAI78CC,40,6.24,共有部份,鋼筋混凝土造,73年11月29日,六層,,
RPVNMLOJPHJGFAI88CC,30,102.15,住家用,鋼筋混凝土造,83年7月1日,十四層,,
RPPNMLPJPHJGFAI38CC,26,16.92,共有部份,鋼筋混凝土造,87年3月19日,二十二層,,
RPVNMLOJPHJGFAI88CC,30,16.86,共有部份,鋼筋混凝土造,83年7月1日,十四層,,
RPUNMLOJPHJGFAI78CC,40,4.78,共有部份,鋼筋混凝土造,73年11月29日,六層,,
RPPNMLPJPHJGFAI38CC,26,18.09,共有部份,鋼筋混凝土造,87年3月19日,二十二層,,
RPWNMLOJPHJGFAI98CC,35,19.25,住家用,鋼筋混凝土造,78年2月3日,七層,,
RPVNMLOJPHJGFAI88CC,30,12.33,共有部份,鋼筋混凝土造,83年7月1日,十四層,,
RPWNMLOJPHJGFAI98CC,35,9.06,共有部份,鋼筋混凝土造,78年2月3日,七層,,
RPTNMLOJPHJGFAI68CC,29,25.24,住家用,鋼筋混凝土造,84年1月17日,十二層,,
RPRNMLPJPHJGFAI58CC,30,114.88,住家用,鋼筋混凝土造,83年7月4日,十二層,,
RPTNMLOJPHJGFAI68CC,29,11.61,共有部份,鋼筋混凝土造,84年1月17日,十二層,,
RPRNMLPJPHJGFAI58CC,30,10.02,共有部份,鋼筋混凝土造,83年7月4日,十二層,,
RPRNMLPJPHJGFAI58CC,30,22.64,共有部份,鋼筋混凝土造,83年7月4日,十二層,,
RPQNMLPJPHJGFAI48CC,39,73.20,住家用,鋼筋混凝土造,74年9月19日,五層,,
RPQNMLPJPHJGFAI48CC,39,5.34,共有部份,鋼筋混凝土造,74年9月19日,五層,,
RPQNMLPJPHJGFAI48CC,39,8.08,共有部份,鋼筋混凝土造,74年9月19日,五層,,
RPTNMLPJPHJGFAI78CC,33,100.67,住家用,鋼筋混凝土造,80年12月18日,七層,,
RPTNMLPJPHJGFAI78CC,33,23.50,共有部份,鋼筋混凝土造,80年12月18日,七層,,
RPSNMLPJPHJGFAI68CC,29,53.28,住家用,鋼筋混凝土造,84年7月24日,十四層,,
RPSNMLPJPHJGFAI68CC,29,14.40,共有部份,鋼筋混凝土造,84年7月24日,十四層,,
RPSNMLPJPHJGFAI68CC,29,23.56,共有部份,鋼筋混凝土造,84年7月24日,十四層,,
RPPNMLSJPHJGFAI68CC,29,19.97,住家用,鋼筋混凝土造,84年5月17日,九層,,
RPPNMLSJPHJGFAI68CC,29,7.40,共有部份,鋼筋混凝土造,84年5月17日,九層,,
RPTNMLSJPHJGFAI09CC,16,8.36,辦公室,鋼筋混凝土造,97年3月3日,四層,,
RPTNMLSJPHJGFAI09CC,16,5.66,共有部份,鋼筋混凝土造,97年3月3日,四層,,
RPRNMLSJPHJGFAI88CC,40,49.76,住家用,鋼筋混凝土造,73年11月29日,六層,,
RPRNMLSJPHJGFAI88CC,40,6.98,共有部份,鋼筋混凝土造,73年11月29日,六層,,
RPRNMLSJPHJGFAI88CC,40,4.78,共有部份,鋼筋混凝土造,73年11月29日,六層,,
RPSNMLSJPHJGFAI98CC,56,76.38,住家用,木造,57年3月20日,一層,,
RPQNMLSJPHJGFAI78CC,54,38.93,住家用,木石磚造,59年3月8日,一層,,
RPVNMLSJPHJGFAI66CC,16,8.23,辦公室,鋼筋混凝土造,97年3月3日,四層,,
RPVNMLSJPHJGFAI66CC,16,5.61,共有部份,鋼筋混凝土造,97年3月3日,四層,,
RPUNMLSJPHJGFAI56CC,16,8.36,辦公室,鋼筋混凝土造,97年3月3日,四層,,
RPPNMLTJPHJGFAI78CC,6,9.62,集合住宅,鋼筋混凝土構造,107年8月2日,五層,,
RPUNMLSJPHJGFAI56CC,16,5.66,共有部份,鋼筋混凝土造,97年3月3日,四層,,
RPQNMLTJPHJGFAI88CC,6,9.62,集合住宅,鋼筋混凝土構造,107年8月2日,五層,,
RPPNMLTJPHJGFAI78CC,6,3.31,本共有部分之項目有機械室、樓梯間及水箱等３項,鋼筋混凝土構造,107年8月2日,五層,,
RPQNMLTJPHJGFAI88CC,6,3.31,本共有部分之項目有機械室、樓梯間及水箱等３項,鋼筋混凝土構造,107年8月2日,五層,,
RPRNMLTJPHJGFAI98CC,28,36.62,住家用,鋼筋混凝土造,85年6月18日,七層,,
RPRNMLTJPHJGFAI98CC,28,13.28,共有部份,鋼筋混凝土造,85年6月18日,七層,,
RPVNMLTJPHJGFAI76CC,33,34.31,住家用,鋼筋混凝土造,80年7月10日,六層,,
RPVNMLTJPHJGFAI76CC,33,9.89,共有部份,鋼筋混凝土造,80年7月10日,六層,,
RPPNMLKKPHJGFAI97CC,33,19.00,住家用,鋼筋混凝土加強磚造,80年6月13日,三層,,
RPSNMLTJPHJGFAI09CC,32,90.51,住家用,鋼筋混凝土造,81年8月24日,七層,,
RPSNMLTJPHJGFAI09CC,32,25.97,共有部份,鋼筋混凝土造,81年8月24日,七層,,
RPUNMLTJPHJGFAI66CC,29,50.34,商業用,鋼筋混凝土造,84年7月24日,十四層,,
RPUNMLTJPHJGFAI66CC,29,13.84,共有部份,鋼筋混凝土造,84年7月24日,十四層,,
RPUNMLTJPHJGFAI66CC,29,10.71,共有部份,鋼筋混凝土造,84年7月24日,十四層,,
RPWNMLTJPHJGFAI86CC,33,31.86,住家用,鋼筋混凝土造,80年7月10日,六層,,
RPWNMLTJPHJGFAI86CC,33,6.20,共有部份,鋼筋混凝土造,80年7月10日,六層,,
RPTNMLTJPHJGFAI56CC,20,127.58,住家用,鋼筋混凝土造,93年10月29日,十四層,,
RPTNMLTJPHJGFAI56CC,20,84.90,共有部份,鋼筋混凝土造,93年10月29日,十四層,,
RPQNMLKKPHJGFAI08CC,31,90.03,住家用,鋼筋混凝土造,82年12月20日,十二層,,
RPQNMLKKPHJGFAI08CC,31,59.38,共有部份,鋼筋混凝土造,82年12月20日,十二層,,
RPPNMLLKPHJGFAI08CC,27,98.36,住家用,鋼筋混凝土造,86年1月31日,十四層,,
RPPNMLLKPHJGFAI08CC,27,17.44,共有部份,鋼筋混凝土造,86年1月31日,十四層,,
RPPNMLLKPHJGFAI08CC,27,10.92,共有部份,鋼筋混凝土造,86年1月31日,十四層,,
RPQNMLLKPHJGFAI18CC,31,18.57,住家用,鋼筋混凝土造,82年6月9日,十二層,,
RPQNMLLKPHJGFAI18CC,31,3.41,共有部份,鋼筋混凝土造,82年6月9日,十二層,,
RPQNMLLKPHJGFAI18CC,31,5.41,共有部份,鋼筋混凝土造,82年6月9日,十二層,,
RPSNMLLKPHJGFAI38CC,53,75.36,住家用,鋼筋混凝土加強磚造,60年8月18日,二層,,
RPQNMLMKPHJGFAI28CC,31,56.61,住家用,鋼筋混凝土造,82年6月23日,十三層,,
RPRNMLMKPHJGFAI38CC,31,56.61,住家用,鋼筋混凝土造,82年6月23日,十二層,,
RPQNMLMKPHJGFAI28CC,31,6.73,共有部份,鋼筋混凝土造,82年6月23日,十三層,,
RPRNMLMKPHJGFAI38CC,31,7.74,共有部份,鋼筋混凝土造,82年6月23日,十二層,,
RPTNMLMKPHJGFAI58CC,26,104.66,住家用,鋼筋混凝土造,87年3月19日,二十二層,,
RPQNMLMKPHJGFAI28CC,31,8.94,共有部份,鋼筋混凝土造,82年6月23日,十三層,,
RPPNMLMKPHJGFAI18CC,29,86.16,住家用,鋼筋混凝土造,84年3月6日,十層,,
RPRNMLMKPHJGFAI38CC,31,8.94,共有部份,鋼筋混凝土造,82年6月23日,十三層,,
RPPNMLMKPHJGFAI18CC,29,11.17,共有部份,鋼筋混凝土造,84年3月6日,十層,,
RPPNMLMKPHJGFAI18CC,29,13.32,共有部份,鋼筋混凝土造,84年3月6日,十層,,
RPRNMLLKPHJGFAI28CC,35,32.24,住家用,鋼筋混凝土造,78年1月17日,七層,,
RPRNMLLKPHJGFAI28CC,35,5.06,共有部份,鋼筋混凝土造,78年1月17日,七層,,
RPTNMLMKPHJGFAI58CC,26,19.62,共有部份,鋼筋混凝土造,87年3月19日,二十二層,,
RPTNMLMKPHJGFAI58CC,26,23.26,共有部份,鋼筋混凝土造,87年3月19日,二十二層,,
RPSNMLMKPHJGFAI48CC,32,36.35,住家用,鋼筋混凝土造,81年10月29日,十層,,
RPPNMLMKPHJGFAI28DC,17,59.07,店鋪，停車空間，住宅,鋼筋混凝土造,96年7月2日,五層,,
RPSNMLMKPHJGFAI48CC,32,1.80,共有部份,鋼筋混凝土造,81年10月29日,十層,,
RPSNMLMKPHJGFAI48CC,32,2.74,共有部份,鋼筋混凝土造,81年10月29日,十層,,
RPSNMLMKPHJGFAI48CC,32,5.57,共有部份,鋼筋混凝土造,81年10月29日,十層,,
RPQNMLPKPHJGFAI58CC,31,84.74,住家用,鋼筋混凝土造,82年10月18日,十四層,,
RPQNMLPKPHJGFAI58CC,31,16.31,共有部份,鋼筋混凝土造,82年10月18日,十四層,,
RPQNMLPKPHJGFAI58CC,31,27.44,共有部份,鋼筋混凝土造,82年10月18日,十四層,,
RPRNMLPKPHJGFAI68CC,39,85.46,住家用,鋼筋混凝土加強磚造,74年4月10日,二層,,
RPSNMLPKPHJGFAI78CC,20,115.04,住家用,鋼筋混凝土造,93年10月28日,十二層,,
RPSNMLPKPHJGFAI78CC,20,72.28,共有部份,鋼筋混凝土造,93年10月28日,十二層,,
RPUNMLPKPHJGFAI98CC,30,89.73,住家用,鋼筋混凝土造,83年1月27日,八層,,
RPUNMLPKPHJGFAI98CC,30,36.26,共有部份,鋼筋混凝土造,83年1月27日,八層,,
RPVNMLPKPHJGFAI09CC,6,9.62,集合住宅,鋼筋混凝土構造,107年8月2日,五層,,
RPVNMLPKPHJGFAI09CC,6,3.31,本共有部分之項目有機械室、樓梯間及水箱等３項,鋼筋混凝土構造,107年8月2日,五層,,
RPXNMLPKPHJGFAI66CC,16,8.36,辦公室,鋼筋混凝土造,97年3月3日,四層,,
RPTNMLPKPHJGFAI88CC,30,121.33,住家用,鋼筋混凝土造,83年11月11日,二十一層,,
RPXNMLPKPHJGFAI66CC,16,5.66,共有部份,鋼筋混凝土造,97年3月3日,四層,,
RPTNMLPKPHJGFAI88CC,30,28.83,共有部份,鋼筋混凝土造,83年11月11日,二十一層,,
RPPOMLPKPHJGFAI58CC,16,8.36,辦公室,鋼筋混凝土造,97年3月3日,四層,,
RPTNMLPKPHJGFAI88CC,30,21.29,共有部份,鋼筋混凝土造,83年11月11日,二十一層,,
RPPOMLPKPHJGFAI58CC,16,5.66,共有部份,鋼筋混凝土造,97年3月3日,四層,,
RPPNMLQKPHJGFAI58CC,32,165.63,住商用,鋼筋混凝土造,82年1月8日,七層,,
RPPNMLQKPHJGFAI58CC,32,20.30,共有部份,鋼筋混凝土造,82年1月8日,七層,,
RPWNMLPKPHJGFAI56CC,16,8.36,辦公室,鋼筋混凝土造,97年3月3日,四層,,
RPOOMLPKPHJGFAI48CC,16,8.36,辦公室,鋼筋混凝土造,97年3月3日,四層,,
RPWNMLPKPHJGFAI56CC,16,5.66,共有部份,鋼筋混凝土造,97年3月3日,四層,,
RPOOMLPKPHJGFAI48CC,16,5.66,共有部份,鋼筋混凝土造,97年3月3日,四層,,
RPQNMLQKPHJGFAI68CC,31,34.87,住家用,鋼筋混凝土造,82年6月9日,十六層,,
RPQNMLQKPHJGFAI68CC,31,5.74,共有部份,鋼筋混凝土造,82年6月9日,十六層,,
RPQNMLQKPHJGFAI68CC,31,7.51,共有部份,鋼筋混凝土造,82年6月9日,十六層,,
RPSNMLQKPHJGFAI88CC,31,68.82,住家用,鋼筋混凝土造,82年5月25日,十層,,
RPSNMLQKPHJGFAI88CC,31,10.59,共有部份,鋼筋混凝土造,82年5月25日,十層,,
RPSNMLQKPHJGFAI88CC,31,8.98,共有部份,鋼筋混凝土造,82年5月25日,十層,,
RPRNMLQKPHJGFAI78CC,18,249.64,店舖、住宅、樓梯間,鋼筋混凝土造,95年2月9日,四層,,
RPQNMLRKPHJGFAI78CC,47,90.75,住家用,鋼筋混凝土加強磚造,66年2月1日,二層,,
RPRNMLRKPHJGFAI88CC,43,105.34,住家用,鋼筋混凝土加強磚造,70年12月19日,二層,,
RPSNMLRKPHJGFAI98CC,30,78.95,住家用,鋼筋混凝土造,83年12月31日,十二層,,
RPSNMLRKPHJGFAI98CC,30,31.78,共有部份,鋼筋混凝土造,83年12月31日,十二層,,
RPTNMLRKPHJGFAI09CC,30,30.86,住商用,鋼筋混凝土造,83年7月8日,五層,,
RPVNMLRKPHJGFAI66CC,26,104.66,住家用,鋼筋混凝土造,87年3月19日,二十二層,,
RPVNMLRKPHJGFAI66CC,26,19.62,共有部份,鋼筋混凝土造,87年3月19日,二十二層,,
RPVNMLRKPHJGFAI66CC,26,23.26,共有部份,鋼筋混凝土造,87年3月19日,二十二層,,
RPPNMLRKPHJGFAI68CC,50,78.66,住家用,鋼筋混凝土加強磚造,63年5月6日,二層,,
RPWNMLRKPHJGFAI76CC,29,99.06,住商用,鋼筋混凝土造,84年1月23日,五層,,
RPOOMLRKPHJGFAI68CC,25,82.19,集合住宅,鋼筋混凝土造,88年2月12日,十三層,,
RPXNMLRKPHJGFAI86CC,17,135.88,住家用,鋼筋混凝土造,96年8月8日,四層,,
RPOOMLRKPHJGFAI68CC,25,14.87,共有部份,鋼筋混凝土造,88年2月12日,十三層,,
RPOOMLRKPHJGFAI68CC,25,16.86,共有部份,鋼筋混凝土造,88年2月12日,十三層,,
RPUNMLRKPHJGFAI56CC,26,104.66,住家用,鋼筋混凝土造,87年3月19日,二十二層,,
RPUNMLRKPHJGFAI56CC,26,19.62,共有部份,鋼筋混凝土造,87年3月19日,二十二層,,
RPUNMLRKPHJGFAI56CC,26,23.26,共有部份,鋼筋混凝土造,87年3月19日,二十二層,,
RPPNMLSKPHJGFAI78CC,6,9.50,集合住宅,鋼筋混凝土構造,107年8月2日,五層,,
RPPNMLSKPHJGFAI78CC,6,3.27,本共有部分之項目有機械室、樓梯間及水箱等３項,鋼筋混凝土構造,107年8月2日,五層,,
RPQOMLRKPHJGFAI88CC,44,112.29,住家用,鋼筋混凝土加強磚造,69年12月29日,二層,,
RPPNMLTKPHJGFAI88CC,36,134.96,住家用,加強磚造,77年5月19日,二層,,
RPROMLRKPHJGFAI98CC,42,95.58,住家用,鋼筋混凝土造,71年11月16日,五層,,
RPROMLRKPHJGFAI98CC,42,13.63,共有部份,鋼筋混凝土造,71年11月16日,五層,,
RPRNMLMLPHJGFAI48CC,40,79.26,國民住宅,鋼筋混凝土造,73年2月20日,五層,,
RPRNMLMLPHJGFAI48CC,40,9.19,共有部份,鋼筋混凝土造,73年2月20日,五層,,
RPQNMLSKPHJGFAI88CC,6,9.50,集合住宅,鋼筋混凝土構造,107年8月2日,五層,,
RPQNMLSKPHJGFAI88CC,6,3.27,本共有部分之項目有機械室、樓梯間及水箱等３項,鋼筋混凝土構造,107年8月2日,五層,,
RPPNMLMLPHJGFAI28CC,28,34.25,住家用,鋼筋混凝土造,85年5月10日,十層,,
RPPNMLMLPHJGFAI28CC,28,10.36,共有部份,鋼筋混凝土造,85年5月10日,十層,,
RPTNMLMLPHJGFAI68CC,1,57.14,集合住宅,鋼筋混凝土造,112年10月4日,五層,,
RPQNMLNLPHJGFAI48CC,16,8.36,辦公室,鋼筋混凝土造,97年3月3日,四層,,
RPTNMLMLPHJGFAI68CC,1,25.33,本共有部分之項目有電信室、戶外安全梯電梯、停車空間、管理維護空間、樓梯間、水箱及無障礙廁所等７項,鋼筋混凝土造,112年10月4日,五層,,
RPQNMLNLPHJGFAI48CC,16,5.66,共有部份,鋼筋混凝土造,97年3月3日,四層,,
RPSNMLMLPHJGFAI58CC,31,108.05,住家用,鋼筋混凝土造,82年11月5日,七層,,
RPSNMLMLPHJGFAI58CC,31,8.59,共有部份,鋼筋混凝土造,82年11月25日,七層,,
RPVNMLNLPHJGFAI98CC,6,9.62,集合住宅,鋼筋混凝土構造,107年8月2日,五層,,
RPSNMLMLPHJGFAI58CC,31,10.33,共有部份,鋼筋混凝土造,82年11月25日,七層,,
RPVNMLNLPHJGFAI98CC,6,3.31,本共有部分之項目有機械室、樓梯間及水箱等３項,鋼筋混凝土構造,107年8月2日,五層,,
RPSNMLNLPHJGFAI68CC,26,62.35,住家用,鋼筋混凝土造,87年3月19日,二十二層,,
RPSNMLNLPHJGFAI68CC,26,12.16,共有部份,鋼筋混凝土造,87年3月19日,二十二層,,
RPSNMLNLPHJGFAI68CC,26,12.92,共有部份,鋼筋混凝土造,87年3月19日,二十二層,,
RPUNMLNLPHJGFAI88CC,16,8.36,辦公室,鋼筋混凝土造,97年3月3日,四層,,
RPUNMLNLPHJGFAI88CC,16,5.66,共有部份,鋼筋混凝土造,97年3月3日,四層,,
RPWNMLNLPHJGFAI09CC,9,30.00,店舖、住宅,鋼筋混凝土構造,104年11月10日,五層,,
RPXNMLNLPHJGFAI56CC,6,9.62,集合住宅,鋼筋混凝土構造,107年8月2日,五層,,
RPTNMLNLPHJGFAI78CC,32,61.50,住家用,鋼筋混凝土造,81年5月8日,十二層,,
RPTNMLNLPHJGFAI78CC,32,9.99,共有部份,鋼筋混凝土造,81年5月8日,十二層,,
RPXNMLNLPHJGFAI56CC,6,3.31,本共有部分之項目有機械室、樓梯間及水箱等３項,鋼筋混凝土構造,107年8月2日,五層,,
RPOOMLNLPHJGFAI38CC,29,27.47,住家用,鋼筋混凝土造,84年7月12日,六層,,
RPOOMLNLPHJGFAI38CC,29,14.96,共有部份,鋼筋混凝土造,84年7月12日,六層,,
RPPNMLTLPHJGFAI98CC,5,49.18,辦公室,鋼筋混凝土構造,109年1月8日,九層,,
RPPNMLKMPHJGFAI18CC,36,99.25,住家用,鋼筋混凝土造,78年1月17日,七層,,
RPQNMLTLPHJGFAI09CC,25,51.49,住家用,鋼筋混凝土造,88年4月21日,十四層,,
RPPNMLKMPHJGFAI18CC,36,15.45,共有部份,鋼筋混凝土造,78年1月17日,七層,,
RPQNMLTLPHJGFAI09CC,25,21.69,共有部份,鋼筋混凝土造,88年4月21日,十四層,,
RPRNMLKMPHJGFAI38CC,30,80.73,住家用,鋼筋混凝土造,83年5月16日,十二層,,
RPQNMLKMPHJGFAI28CC,31,36.38,住家用,鋼筋混凝土造,82年6月9日,十六層,,
RPRNMLKMPHJGFAI38CC,30,11.60,共有部份,鋼筋混凝土造,83年5月16日,十二層,,
RPQNMLKMPHJGFAI28CC,31,5.98,共有部份,鋼筋混凝土造,82年6月9日,十六層,,
RPRNMLKMPHJGFAI38CC,30,1.73,共有部份,鋼筋混凝土造,83年5月16日,十二層,,
RPQNMLKMPHJGFAI28CC,31,8.62,共有部份,鋼筋混凝土造,82年6月9日,十六層,,
RPUNMLKMPHJGFAI68CC,34,53.90,住家用,鋼筋混凝土造,79年5月22日,五層,,
RPSNMLTLPHJGFAI66CC,57,117.76,住家用,見使用執照,56年9月7日,三層,,
RPUNMLKMPHJGFAI68CC,34,22.75,共有部份,鋼筋混凝土造,79年5月22日,五層,,
RPTNMLTLPHJGFAI76CC,57,52.38,住家用,見使用執照,56年9月7日,三層,,
RPSNMLKMPHJGFAI48CC,31,28.25,住家用,鋼筋混凝土造,82年4月26日,六層,,
RPSNMLKMPHJGFAI48CC,31,4.08,共有部份,鋼筋混凝土造,82年4月26日,六層,,
RPTNMLKMPHJGFAI58CC,30,34.53,住家用,鋼筋混凝土造,83年11月28日,十二層,,
RPTNMLKMPHJGFAI58CC,30,12.61,共有部份,鋼筋混凝土造,83年11月28日,十二層,,
RPVNMLKMPHJGFAI78CC,44,85.76,住家用,鋼筋混凝土造,69年9月30日,六層,,
RPVNMLKMPHJGFAI78CC,44,13.61,共有部份,鋼筋混凝土造,69年9月30日,六層,,
RPWNMLKMPHJGFAI88CC,31,23.14,住家用,鋼筋混凝土造,82年11月20日,五層,,
RPPNMLLMPHJGFAI28CC,33,99.81,住商用,鋼筋混凝土造,80年6月27日,十五層,,
RPSNMLLMPHJGFAI58CC,50,84.81,住家用,鋼筋混凝土加強磚造,63年10月4日,三層,,
RPQNMLLMPHJGFAI48DC,5,234.81,住宅、樓梯間、儲藏室,鋼筋混凝土構造,108年10月24日,三層,,
RPQNMLLMPHJGFAI38CC,31,99.42,住家用,鋼筋混凝土造,82年11月25日,六層,,
RPQNMLLMPHJGFAI38CC,31,15.39,共有部份,鋼筋混凝土造,82年11月25日,六層,,
RPQNMLLMPHJGFAI38CC,31,21.38,共有部份,鋼筋混凝土造,82年11月25日,六層,,
RPRNMLLMPHJGFAI48CC,20,128.94,住家用,鋼筋混凝土造,93年10月29日,十四層,,
RPRNMLLMPHJGFAI48CC,20,84.81,共有部份,鋼筋混凝土造,93年10月29日,十四層,,
RPTNMLLMPHJGFAI68CC,29,26.86,住家用,鋼筋混凝土造,84年7月24日,十四層,,
RPTNMLLMPHJGFAI68CC,29,6.74,共有部份,鋼筋混凝土造,84年7月24日,十四層,,
RPTNMLLMPHJGFAI68CC,29,5.23,共有部份,鋼筋混凝土造,84年7月24日,十四層,,
RPPNMLLJQHJGFAI08CC,20,114.65,住家用,鋼筋混凝土造,93年10月28日,十四層,,
RPPNMLLJQHJGFAI08CC,20,71.76,共有部份,鋼筋混凝土造,93年10月28日,十四層,,
RPPNMLMJQHJGFAI18CC,30,73.29,住家用,鋼筋混凝土造,83年11月25日,十六層,,
RPPNMLMJQHJGFAI18CC,30,12.83,共有部份,鋼筋混凝土造,83年11月25日,十六層,,
RPPNMLMJQHJGFAI18CC,30,5.61,共有部份,鋼筋混凝土造,83年11月25日,十六層,,
RPQNMLMJQHJGFAI28CC,29,35.21,商業用,鋼筋混凝土造,84年7月24日,十四層,,
RPQNMLMJQHJGFAI28CC,29,10.82,共有部份,鋼筋混凝土造,84年7月24日,十四層,,
RPQNMLMJQHJGFAI28CC,29,20.94,共有部份,鋼筋混凝土造,84年7月24日,十四層,,
RPTNMLMJQHJGFAI58CC,16,8.36,辦公室,鋼筋混凝土造,97年3月3日,四層,,
RPTNMLMJQHJGFAI58CC,16,5.66,共有部份,鋼筋混凝土造,97年3月3日,四層,,
RPSNMLMJQHJGFAI48CC,16,8.36,辦公室,鋼筋混凝土造,97年3月3日,四層,,
RPSNMLMJQHJGFAI48CC,16,5.66,共有部份,鋼筋混凝土造,97年3月3日,四層,,
RPRNMLMJQHJGFAI38CC,16,8.36,辦公室,鋼筋混凝土造,97年3月3日,四層,,
RPRNMLMJQHJGFAI38CC,16,5.66,共有部份,鋼筋混凝土造,97年3月3日,四層,,
RPWNMLMJQHJGFAI88CC,33,204.04,住家用,鋼筋混凝土造,80年6月25日,四層,,
RPVNMLMJQHJGFAI78CC,34,81.96,住家用,鋼筋混凝土造,79年10月15日,七層,,
RPVNMLMJQHJGFAI78CC,34,12.61,共有部份,鋼筋混凝土造,79年10月15日,七層,,
RPXNMLMJQHJGFAI98CC,34,117.89,住家用,鋼筋混凝土造,79年2月19日,七層,,
RPXNMLMJQHJGFAI98CC,34,26.36,共有部份,鋼筋混凝土造,79年2月19日,七層,,
RPOOMLMJQHJGFAI18CC,41,31.44,住家用,鋼筋混凝土造,72年7月8日,五層,,
RPOOMLMJQHJGFAI18CC,41,3.93,共有部份,鋼筋混凝土造,72年7月8日,五層,,
RPOOMLMJQHJGFAI18CC,41,2.47,共有部份,鋼筋混凝土造,72年7月8日,五層,,
RPUNMLMJQHJGFAI68CC,6,9.62,集合住宅,鋼筋混凝土構造,107年8月2日,五層,,
RPUNMLMJQHJGFAI68CC,6,3.31,本共有部分之項目有機械室、樓梯間及水箱等３項,鋼筋混凝土構造,107年8月2日,五層,,
RPPOMLMJQHJGFAI28CC,29,26.86,住家用,鋼筋混凝土造,84年7月24日,十四層,,
RPPOMLMJQHJGFAI28CC,29,6.74,共有部份,鋼筋混凝土造,84年7月24日,十四層,,
RPPOMLMJQHJGFAI28CC,29,5.23,共有部份,鋼筋混凝土造,84年7月24日,十四層,,
RPROMLMJQHJGFAI48CC,32,29.64,住商用,鋼筋混凝土造,81年10月15日,四層,,
RPQOMLMJQHJGFAI38CC,47,55.35,住家用,磚造,66年11月3日,一層,,
RPQNMLPJQHJGFAI58CC,32,29.61,住商用,鋼筋混凝土造,81年10月15日,四層,,
RPRNMLPJQHJGFAI68CC,29,33.68,住家用,鋼筋混凝土造,84年10月4日,十一層,,
RPRNMLPJQHJGFAI68CC,29,6.27,共有部份,鋼筋混凝土造,84年10月4日,十一層,,
RPRNMLPJQHJGFAI68CC,29,4.45,共有部份,鋼筋混凝土造,84年10月4日,十一層,,
RPQNMLPJQHJGFAI68DC,26,89.10,住家用,鋼筋混凝土造,87年4月21日,十六層,,
RPQNMLPJQHJGFAI68DC,26,18.76,共有部份,鋼筋混凝土造,87年4月21日,十六層,,
RPQNMLPJQHJGFAI68DC,26,3.69,共有部份,鋼筋混凝土造,87年4月21日,十六層,,
RPSNMLRJQHJGFAI98CC,29,99.28,住家用,鋼筋混凝土造,84年4月6日,七層,,
RPSNMLRJQHJGFAI98CC,29,8.08,共有部份,鋼筋混凝土造,84年4月6日,七層,,
RPSNMLRJQHJGFAI98CC,29,33.19,共有部份,鋼筋混凝土造,84年4月6日,七層,,
RPQNMLRJQHJGFAI78CC,37,160.12,住房、梯間,鋼筋混凝土造,77年1月21日,二層,,
RPQNMLQJQHJGFAI68CC,6,9.50,集合住宅,鋼筋混凝土構造,107年8月2日,五層,,
RPTNMLRJQHJGFAI09CC,33,38.99,住家用,鋼筋混凝土造,80年11月2日,八層,,
RPQNMLQJQHJGFAI68CC,6,3.27,本共有部分之項目有機械室、樓梯間及水箱等３項,鋼筋混凝土構造,107年8月2日,五層,,
RPTNMLRJQHJGFAI09CC,33,12.40,共有部份,鋼筋混凝土造,80年11月2日,八層,,
RPUNMLRJQHJGFAI56CC,56,61.66,住家用,木造,57年5月1日,二層,,
RPPOMLRJQHJGFAI78CC,50,75.98,住家用,鋼筋混凝土加強磚造,63年7月22日,二層,,
RPOOMLRJQHJGFAI68CC,40,128.83,住家用,加強磚造,73年9月22日,二層,,
RPVNMLRJQHJGFAI66CC,53,91.21,住家用,木造,60年10月10日,二層,,
RPWNMLRJQHJGFAI76CC,31,18.24,住家用,鋼筋混凝土造,82年6月9日,十二層,,
RPWNMLRJQHJGFAI76CC,31,3.41,共有部份,鋼筋混凝土造,82年6月9日,十二層,,
RPWNMLRJQHJGFAI76CC,31,5.28,共有部份,鋼筋混凝土造,82年6月9日,十二層,,
RPXNMLRJQHJGFAI86CC,1,71.22,集合住宅,鋼筋混凝土造,112年10月2日,十層,,
RPXNMLRJQHJGFAI86CC,1,32.99,本共有部分之項目有公共空間、停車空間、防空避難室兼停車空間、管委會使用空間、門廊及交誼空間等６項,鋼筋混凝土造,112年10月2日,十層,,
RPXNMLRJQHJGFAI86CC,1,13.31,本共有部分之項目有安全梯、戶外安全梯、管道間、昇降機道、梯廳、蓄水池、昇降機機械房及樓梯間等８項,鋼筋混凝土造,112年10月2日,十層,,
RPTNMLSJQHJGFAI56CC,32,127.97,住家用,鋼筋混凝土造,81年5月8日,十二層,,
RPXNMLRJQHJGFAI86CC,1,7.34,本共有部分之項目有梯廳等１項,鋼筋混凝土造,112年10月2日,十層,,
RPTNMLSJQHJGFAI56CC,32,20.86,共有部份,鋼筋混凝土造,81年5月8日,十二層,,
RPQNMLSJQHJGFAI88CC,20,115.36,住家用,鋼筋混凝土造,93年11月3日,十四層,,
RPQNMLSJQHJGFAI88CC,20,91.01,共有部份,鋼筋混凝土造,93年11月3日,十四層,,
RPRNMLSJQHJGFAI98CC,16,8.36,辦公室,鋼筋混凝土造,97年3月3日,四層,,
RPRNMLSJQHJGFAI98CC,16,5.66,共有部份,鋼筋混凝土造,97年3月3日,四層,,
RPSNMLSJQHJGFAI09CC,28,70.24,住家用,鋼筋混凝土造,85年3月11日,二十層,,
RPSNMLSJQHJGFAI09CC,28,24.10,共有部份,鋼筋混凝土造,85年3月11日,二十層,,
RPUNMLSJQHJGFAI66CC,28,32.17,住家用,鋼筋混凝土造,85年3月11日,二十層,,
RPUNMLSJQHJGFAI66CC,28,15.06,共有部份,鋼筋混凝土造,85年3月11日,二十層,,
RPWNMLSJQHJGFAI86CC,6,9.62,集合住宅,鋼筋混凝土構造,107年8月2日,五層,,
RPWNMLSJQHJGFAI86CC,6,3.31,本共有部分之項目有機械室、樓梯間及水箱等３項,鋼筋混凝土構造,107年8月2日,五層,,
RPXNMLSJQHJGFAI96CC,6,9.62,集合住宅,鋼筋混凝土構造,107年8月2日,五層,,
RPXNMLSJQHJGFAI96CC,6,3.31,本共有部分之項目有機械室、樓梯間及水箱等３項,鋼筋混凝土構造,107年8月2日,五層,,
RPPNMLTJQHJGFAI88CC,16,8.36,辦公室,鋼筋混凝土造,97年3月3日,四層,,
RPPNMLTJQHJGFAI88CC,16,5.66,共有部份,鋼筋混凝土造,97年3月3日,四層,,
RPQOMLSJQHJGFAI98CC,35,26.45,住商用,鋼筋混凝土造,78年10月2日,四層,,
RPOOMLSJQHJGFAI78CC,35,26.45,住商用,鋼筋混凝土造,78年10月2日,四層,,
RPVNMLSJQHJGFAI76CC,14,59.69,停車空間、門廊、店舖、住宅,鋼筋混凝土構造,99年10月14日,四層,,
RPPOMLSJQHJGFAI88CC,10,26.45,騎樓、私設騎樓、店舖、住宅、樓梯間,鋼筋混凝土構造,103年6月24日,五層,,
RPROMLSJQHJGFAI09CC,8,19.83,住宅、樓梯間,鋼筋混凝土構造,105年12月9日,四層,,
RPRNMLTJQHJGFAI09CC,6,9.62,集合住宅,鋼筋混凝土構造,107年8月2日,五層,,
RPRNMLTJQHJGFAI09CC,6,3.31,本共有部分之項目有機械室、樓梯間及水箱等３項,鋼筋混凝土構造,107年8月2日,五層,,
RPQNMLTJQHJGFAI98CC,6,9.50,集合住宅,鋼筋混凝土構造,107年8月2日,五層,,
RPQNMLTJQHJGFAI98CC,6,3.27,本共有部分之項目有機械室、樓梯間及水箱等３項,鋼筋混凝土構造,107年8月2日,五層,,
RPXNMLTJQHJGFAI07CC,26,104.66,住家用,鋼筋混凝土造,87年3月19日,二十二層,,
RPTNMLTJQHJGFAI66CC,39,107.88,住家用,加強磚造,74年3月5日,二層,,
RPXNMLTJQHJGFAI07CC,26,19.62,共有部份,鋼筋混凝土造,87年3月19日,二十二層,,
RPXNMLTJQHJGFAI07CC,26,23.26,共有部份,鋼筋混凝土造,87年3月19日,二十二層,,
RPOOMLTJQHJGFAI88CC,26,67.75,住商用,鋼筋混凝土造,87年11月19日,七層,,
RPOOMLTJQHJGFAI88CC,26,71.89,共有部份,鋼筋混凝土造,87年11月19日,七層,,
RPWNMLTJQHJGFAI96CC,57,60.16,住家用,木造,57年1月10日,二層,,
