鄉鎮市區,交易標的,土地位置建物門牌,土地面積平方公尺,都市土地使用分區,非都市土地使用分區,非都市土地使用編定,租賃年月日,租賃筆棟數,租賃層次,總樓層數,建物型態,主要用途,主要建材,建築完成年月,建物總面積平方公尺,建物現況格局-房,建物現況格局-廳,建物現況格局-衛,建物現況格局-隔間,有無管理組織,有無附傢俱,總額元,單價元平方公尺,車位類別,車位面積平方公尺,車位總額元,備註,編號,出租型態,有無管理員,租賃期間,有無電梯,附屬設備,租賃住宅服務
The villages and towns urban district,transaction sign,land sector position building sector house number plate,land shifting total area square meter,the use zoning or compiles and checks,the non-metropolis land use district,non-metropolis land use,transaction year month and day,transaction pen number,shifting level,total floor number,building state,main use,main building materials,construction to complete the years,building shifting total area,Building present situation pattern - room,building present situation pattern - hall,building present situation pattern - health,building present situation pattern - compartmented,Whether there is manages the organization,Whether there is attaches the furniture,total price NTD,the unit price (NTD / square meter),the berth category,berth shifting total area square meter,the berth total price NTD,the note,serial number,Rental type,Residential Manager,Rental period,elevator,equipment,Rental residential services
斗南鎮,租賃房屋,雲林縣斗南鎮世榮街２０號四樓之１,0.0,,,,1130507,土地0建物1車位0,四層,13,住宅大樓(11層含以上有電梯),住家用,鋼筋混凝土造,0840710,80.08,2,1,1,有,有,有,9500,119,,0.0,0,,RPPNMLNKNHJGFBP88CC,整棟(戶)出租,有,1130507~1140506,有,冷氣、熱水器、洗衣機、電視機、冰箱、瓦斯或天然氣,社會住宅代管
斗六市,租賃房屋,雲林縣斗六市樂利街５３號４樓之２８,0.0,,,,1130507,土地0建物1車位0,四層,7,華廈(10層含以下有電梯),辦公室,鋼筋混凝土造,0990223,15.549999999999999,1,0,1,有,有,無,4200,270,,0.0,0,,RPPNMLPKNHJGFAP98CC,獨立套房,有,1130701~1131231,有,冷氣、熱水器、電視機、冰箱、網路,一般代管
西螺鎮,租賃房屋,雲林縣西螺鎮振興７７之６號,0.0,,,,1130501,土地0建物1車位0,全,4,透天厝,住宅、水塔間,ＲＣ造,1110913,60.23,5,1,5,有,無,有,13000,216,,0.0,0,租金總額含水費；,RPQNMLPKNHJGFCP66CC,分層出租,無,1130515~1140514,有,冷氣、洗衣機、電視機、冰箱、網路,
斗六市,租賃房屋,雲林縣斗六市樂利街５３號２樓之２９,0.0,,,,1130506,土地0建物1車位0,二層,7,華廈(10層含以下有電梯),辦公室,鋼筋混凝土造,0990223,18.479999999999997,1,0,1,有,有,無,4200,227,,0.0,0,,RPPNMLRKNHJGFAP56CC,獨立套房,有,1130801~1140731,有,冷氣、熱水器、電視機、冰箱、網路,一般代管
虎尾鎮,租賃房屋,雲林縣虎尾鎮五間厝６０號２樓之２５,0.0,,,,1130504,土地0建物1車位0,二層,7,華廈(10層含以下有電梯),集合住宅,鋼筋混凝土造,1080409,13.510000000000002,1,0,1,有,有,無,4000,296,,0.0,0,,RPPNMLRKNHJGFDP86CC,獨立套房,有,1130808~1140807,有,冷氣、熱水器、電視機、冰箱、網路,一般代管
虎尾鎮,租賃房屋,雲林縣虎尾鎮五間厝６０號６樓之８,0.0,,,,1130503,土地0建物1車位0,六層,7,華廈(10層含以下有電梯),集合住宅,鋼筋混凝土造,1080409,13.56,1,0,1,有,有,無,4000,295,,0.0,0,,RPQNMLRKNHJGFDP96CC,獨立套房,有,1130801~1140731,有,冷氣、熱水器、電視機、冰箱、網路,一般代管
虎尾鎮,租賃房屋,雲林縣虎尾鎮五間厝６０號６樓之１６,0.0,,,,1130504,土地0建物1車位0,六層,7,華廈(10層含以下有電梯),集合住宅,鋼筋混凝土造,1080409,13.32,1,0,1,有,有,無,4200,315,,0.0,0,,RPRNMLRKNHJGFDP07CC,獨立套房,有,1130525~1140524,有,冷氣、熱水器、電視機、冰箱、網路,一般代管
虎尾鎮,租賃房屋,雲林縣虎尾鎮五間厝６０號２樓之２９,0.0,,,,1130503,土地0建物1車位0,二層,7,華廈(10層含以下有電梯),集合住宅,鋼筋混凝土造,1080409,13.510000000000002,1,0,1,有,有,無,4000,296,,0.0,0,,RPSNMLRKNHJGFDP17CC,獨立套房,有,1130625~1131224,有,冷氣、熱水器、電視機、冰箱、網路,一般代管
虎尾鎮,租賃房屋,雲林縣虎尾鎮五間厝６０號７樓之２９,0.0,,,,1130501,土地0建物1車位0,七層,7,華廈(10層含以下有電梯),集合住宅,鋼筋混凝土造,1080409,13.510000000000002,1,0,1,有,有,無,4000,296,,0.0,0,,RPTNMLRKNHJGFDP27CC,獨立套房,有,1130901~1140831,有,冷氣、熱水器、電視機、冰箱、網路,一般代管
斗六市,租賃房屋,雲林縣斗六市樂利街５３號３樓之１９,0.0,,,,1130507,土地0建物1車位0,三層,7,華廈(10層含以下有電梯),辦公室,鋼筋混凝土造,0990223,19.4,1,0,1,有,有,無,4200,216,,0.0,0,,RPPNMLLLNHJGFAP68CC,獨立套房,有,1130520~1131119,有,冷氣、熱水器、電視機、冰箱、網路,一般代管
斗六市,租賃房屋,雲林縣斗六市樂利街５３號５樓之２,0.0,,,,1130509,土地0建物1車位0,五層,7,華廈(10層含以下有電梯),辦公室,鋼筋混凝土造,0990223,15.549999999999999,1,0,1,有,有,無,4200,270,,0.0,0,,RPQNMLLLNHJGFAP78CC,獨立套房,有,1130701~1131231,有,冷氣、熱水器、電視機、冰箱、網路,一般代管
斗六市,租賃房屋,雲林縣斗六市樂利街５３號５樓之３１,0.0,,,,1130429,土地0建物1車位0,五層,7,華廈(10層含以下有電梯),辦公室,鋼筋混凝土造,0990223,15.549999999999999,1,0,1,有,有,無,4200,270,,0.0,0,,RPRNMLLLNHJGFAP88CC,獨立套房,有,1130505~1131104,有,冷氣、熱水器、電視機、冰箱、網路,一般代管
斗六市,租賃房屋,雲林縣斗六市鎮北路２４巷１號１０樓-２,0.0,,,,1130515,土地0建物1車位0,十層,10,華廈(10層含以下有電梯),集合住宅,鋼筋混凝土造,1120515,69.8,2,1,1,有,有,無,16000,229,,0.0,0,,RPSNMLLLNHJGFAP98CC,整棟(戶)出租,有,1130601~1140531,有,冷氣、熱水器,一般代管
虎尾鎮,租賃房屋,雲林縣虎尾鎮五間厝６０號２樓之２８,0.0,,,,1130510,土地0建物1車位0,二層,7,華廈(10層含以下有電梯),集合住宅,鋼筋混凝土造,1080409,13.56,1,0,1,有,有,無,4000,295,,0.0,0,,RPPNMLLLNHJGFDP98CC,獨立套房,有,1130903~1140902,有,冷氣、熱水器、電視機、冰箱、網路,一般代管
虎尾鎮,租賃房屋,雲林縣虎尾鎮五間厝６０號７樓之１,0.0,,,,1130509,土地0建物1車位0,七層,7,華廈(10層含以下有電梯),集合住宅,鋼筋混凝土造,1080409,13.739999999999998,1,0,1,有,有,無,4200,306,,0.0,0,,RPQNMLLLNHJGFDP09CC,獨立套房,有,1130715~1140714,有,冷氣、熱水器、電視機、冰箱、網路,一般代管
虎尾鎮,租賃房屋,雲林縣虎尾鎮五間厝６０號７樓之１６,0.0,,,,1130425,土地0建物1車位0,七層,7,華廈(10層含以下有電梯),集合住宅,鋼筋混凝土造,1080409,13.32,1,0,1,有,有,無,4200,315,,0.0,0,,RPRNMLLLNHJGFDP56CC,獨立套房,有,1130721~1140720,有,冷氣、熱水器、電視機、冰箱、網路,一般代管
虎尾鎮,租賃房屋,雲林縣虎尾鎮五間厝６０號７樓之１９,0.0,,,,1130503,土地0建物1車位0,七層,7,華廈(10層含以下有電梯),集合住宅,鋼筋混凝土造,1080409,13.510000000000002,1,0,1,有,有,無,4000,296,,0.0,0,,RPSNMLLLNHJGFDP66CC,獨立套房,有,1130720~1140719,有,冷氣、熱水器、電視機、冰箱、網路,一般代管
東勢鄉,租賃房屋,雲林縣東勢鄉嘉隆路５之１號,0.0,,,,1130504,土地0建物1車位0,全,4,透天厝,住家用,鋼筋混凝土造,0831220,284.84,12,2,4,有,無,無,12000,42,,0.0,0,,RPPNMLLLNHJGFFP56CC,整棟(戶)出租,無,1130601~1140531,無,熱水器,社會住宅代管
斗六市,租賃房屋,雲林縣斗六市鎮北路２４巷１號二樓之３,0.0,,,,1130520,土地0建物1車位0,二層,10,華廈(10層含以下有電梯),集合住宅,鋼筋混凝土造,1120515,74.49,2,1,1,有,有,無,16000,215,,0.0,0,租金總額含管理費；,RPPNMLMLNHJGFAP78CC,整棟(戶)出租,有,1130601~1140531,有,冷氣、熱水器,
斗六市,租賃房屋,雲林縣斗六市樂利街５３號６樓之６,0.0,,,,1130513,土地0建物1車位0,六層,7,華廈(10層含以下有電梯),辦公室,鋼筋混凝土造,0990223,19.7,1,0,1,有,有,無,4200,213,,0.0,0,,RPPNMLNLNHJGFAP88CC,獨立套房,有,1130608~1131207,有,冷氣、熱水器、電視機、冰箱、網路,一般代管
斗六市,租賃房屋,雲林縣斗六市西平路２０９號４樓之１９,0.0,,,,1130508,土地0建物1車位0,四層,16,住宅大樓(11層含以上有電梯),住家用,鋼筋混凝土造,0860515,99.91,3,2,2,有,有,有,9000,90,,0.0,0,,RPQNMLNLNHJGFAP98CC,整棟(戶)出租,有,1130601~1140531,有,冷氣、熱水器、洗衣機、冰箱、瓦斯或天然氣,社會住宅代管
斗六市,租賃房屋,雲林縣斗六市樂利街５３號６樓之３６,0.0,,,,1130509,土地0建物1車位0,六層,7,華廈(10層含以下有電梯),辦公室,鋼筋混凝土造,0990223,20.13,1,0,1,有,有,無,4200,209,,0.0,0,,RPRNMLNLNHJGFAP09CC,獨立套房,有,1130825~1140824,有,冷氣、熱水器、電視機、冰箱、網路,一般代管
斗六市,租賃房屋,雲林縣斗六市樂利街５３號４樓之２１,0.0,,,,1130505,土地0建物1車位0,四層,7,華廈(10層含以下有電梯),辦公室,鋼筋混凝土造,0990223,18.28,1,0,1,有,有,無,4200,230,,0.0,0,,RPSNMLNLNHJGFAP56CC,獨立套房,有,1130505~1131104,有,冷氣、熱水器、電視機、冰箱、網路,一般代管
斗六市,租賃房屋,雲林縣斗六市凱旋街２９號,0.0,,,,1130512,土地0建物1車位0,全,4,透天厝,住家用,鋼筋混凝土造,0831010,48.5,3,1,2,有,無,有,13000,268,,0.0,0,,RPTNMLNLNHJGFAP66CC,分層出租,無,1130601~1140131,無,冷氣、熱水器、冰箱,一般包租
虎尾鎮,租賃房屋,雲林縣虎尾鎮五間厝６０號３樓之１,0.0,,,,1130512,土地0建物1車位0,三層,7,華廈(10層含以下有電梯),集合住宅,鋼筋混凝土造,1080409,13.739999999999998,1,0,1,有,有,無,4200,306,,0.0,0,,RPPNMLNLNHJGFDP56CC,獨立套房,有,1130705~1140104,有,冷氣、熱水器、電視機、冰箱、網路,一般代管
虎尾鎮,租賃房屋,雲林縣虎尾鎮五間厝６０號４樓之１３,0.0,,,,1130511,土地0建物1車位0,四層,7,華廈(10層含以下有電梯),集合住宅,鋼筋混凝土造,1080409,13.510000000000002,1,0,1,有,有,無,4000,296,,0.0,0,,RPQNMLNLNHJGFDP66CC,獨立套房,有,1130804~1140803,有,冷氣、熱水器、電視機、冰箱、網路,一般代管
斗六市,租賃房屋,雲林縣斗六市民生路８２號,0.0,,,,1130429,土地0建物0車位0,二層,7,華廈(10層含以下有電梯),住商用,鋼筋混凝土造,0740725,20.49,42,0,42,有,無,有,6000,293,,0.0,0,,RPPNMLOLNHJGFAP98CC,分租套房,無,1130501~1140430,有,冷氣、熱水器、電視機、冰箱、有線電視、網路,
斗六市,租賃房屋,雲林縣斗六市嘉東南路５０巷２０號,0.0,,,,1130507,土地0建物0車位0,全,3,透天厝,住家用,鋼筋混凝土造,0960208,12.08,8,0,8,有,無,有,3300,273,,0.0,0,,RPQNMLOLNHJGFAP09CC,分租套房,無,1130501~1140630,無,冷氣、熱水器、電視機、冰箱、有線電視、網路,
斗六市,租賃房屋,雲林縣斗六市民生路８２號,0.0,,,,1130509,土地0建物0車位0,二層,7,華廈(10層含以下有電梯),住商用,鋼筋混凝土造,0740725,22.5,42,0,42,有,無,有,5000,222,,0.0,0,,RPRNMLOLNHJGFAP56CC,分租套房,無,1130701~1140630,有,冷氣、熱水器、電視機、冰箱、有線電視、網路,
斗六市,租賃房屋,雲林縣斗六市民生路８２號,0.0,,,,1130509,土地0建物0車位0,二層,7,華廈(10層含以下有電梯),住商用,鋼筋混凝土造,0740725,22.5,42,0,42,有,無,有,5000,222,,0.0,0,,RPSNMLOLNHJGFAP66CC,分租套房,無,1130701~1140630,有,冷氣、熱水器、電視機、冰箱、有線電視、網路,
斗六市,租賃房屋,雲林縣斗六市民生路８２號,0.0,,,,1130509,土地0建物0車位0,二層,7,華廈(10層含以下有電梯),住商用,鋼筋混凝土造,0740725,21.38,42,0,42,有,無,有,6000,281,,0.0,0,,RPTNMLOLNHJGFAP76CC,分租套房,無,1130801~1140731,有,冷氣、熱水器、電視機、冰箱、有線電視、網路,
斗六市,租賃房屋,雲林縣斗六市民生路８２號,0.0,,,,1130522,土地0建物0車位0,五層,7,華廈(10層含以下有電梯),住商用,鋼筋混凝土造,0740725,14.94,42,0,42,有,無,有,5000,335,,0.0,0,,RPUNMLOLNHJGFAP86CC,分租套房,無,1130523~1140522,有,冷氣、熱水器、電視機、冰箱、有線電視、網路,
斗南鎮,租賃房屋,雲林縣斗南鎮世榮街２０號九樓之８,0.0,,,,1130510,土地0建物1車位0,九層,13,住宅大樓(11層含以上有電梯),住家用,鋼筋混凝土造,0840710,57.62,1,1,1,有,有,有,9000,156,,0.0,0,,RPPNMLOLNHJGFBP09CC,獨立套房,有,1130525~1140524,有,冷氣、熱水器、洗衣機、電視機、冰箱,社會住宅代管
斗南鎮,租賃房屋,雲林縣斗南鎮五福二街２５號十一樓之４,0.0,,,,1130515,土地0建物1車位0,十一層,11,住宅大樓(11層含以上有電梯),住家用,鋼筋混凝土造,0851020,104.06,3,1,2,有,有,有,15000,144,,0.0,0,,RPQNMLOLNHJGFBP56CC,整棟(戶)出租,有,1130515~1140514,有,冷氣、熱水器、洗衣機、電視機、冰箱、瓦斯或天然氣,社會住宅代管
斗南鎮,租賃房屋,雲林縣斗南鎮世榮街２０號十三樓之４,0.0,,,,1130520,土地0建物1車位0,十三層,13,住宅大樓(11層含以上有電梯),住家用,鋼筋混凝土造,0840710,35.55,1,0,1,有,有,有,7000,197,,0.0,0,,RPRNMLOLNHJGFBP66CC,獨立套房,有,1130601~1140531,有,冷氣、熱水器、洗衣機、電視機、冰箱,社會住宅代管
虎尾鎮,租賃房屋,雲林縣虎尾鎮八德街１２８號,0.0,,,,1130427,土地0建物0車位0,全,4,透天厝,住家用,鋼筋混凝土造,0920219,13.37,14,0,14,有,無,有,3200,239,,0.0,0,,RPPNMLOLNHJGFDP66CC,分租套房,無,1130501~1140430,無,冷氣、熱水器、網路,
斗六市,租賃房屋+車位,雲林縣斗六市西平路２０９號７樓之１,0.0,,,,1130527,土地0建物1車位1,見其他登記事項,16,住宅大樓(11層含以上有電梯),住家用,鋼筋混凝土造,0860515,149.6,4,1,2,有,有,有,16300,109,坡道平面,0.0,0,多人共同承租3；,RPQNMLSLNHJGFAP86CC,整棟(戶)出租,有,1130601~1140531,有,冷氣、熱水器、洗衣機、電視機、冰箱、瓦斯或天然氣,
斗六市,租賃房屋,雲林縣斗六市明德北路三段三號３樓之１,0.0,,,,1130501,土地0建物1車位0,三層,16,住宅大樓(11層含以上有電梯),住家用,鋼筋混凝土造,0860515,32.28,1,1,1,有,有,有,4500,139,,0.0,0,,RPPNMLTLNHJGFAP86CC,獨立套房,有,1130504~1140503,有,冷氣、熱水器、洗衣機、電視機、冰箱,
斗六市,租賃房屋,雲林縣斗六市樂利街５３號６樓之２１,0.0,,,,1130521,土地0建物1車位0,六層,7,華廈(10層含以下有電梯),辦公室,鋼筋混凝土造,0990223,16.560000000000002,1,0,1,有,有,無,4200,254,,0.0,0,,RPQNMLTLNHJGFAP96CC,獨立套房,有,1130525~1131124,有,冷氣、熱水器、電視機、冰箱、網路,一般代管
斗南鎮,租賃房屋,雲林縣斗南鎮民權路３１號６樓之２,0.0,,,,1130525,土地0建物1車位0,六層,7,華廈(10層含以下有電梯),住家用,鋼筋混凝土造,0810717,31.13,1,0,1,有,有,有,6000,193,,0.0,0,,RPPNMLTLNHJGFBP96CC,獨立套房,有,1130525~1140524,有,冷氣、熱水器、洗衣機、電視機、冰箱,社會住宅代管
虎尾鎮,土地,大學段179地號,1880.21,商,,,1130515,土地1建物0車位0,,,其他,,,,0.0,0,0,0,無,無,無,39800,21,,0.0,0,含增建或未登記建物；,RPPNMLKMNHJGFDP98CC,,,1130510~1180709,,,
斗六市,租賃房屋,雲林縣斗六市樂利街５３號２樓之９,0.0,,,,1130517,土地0建物1車位0,二層,7,華廈(10層含以下有電梯),辦公室,鋼筋混凝土造,0990223,15.440000000000001,1,0,1,有,有,無,4200,272,,0.0,0,,RPPNMLLMNHJGFAP78CC,獨立套房,有,1130520~1131119,有,冷氣、熱水器、電視機、冰箱、網路,一般代管
斗六市,租賃房屋,雲林縣斗六市樂利街５３號４樓之１９,0.0,,,,1130513,土地0建物1車位0,四層,7,華廈(10層含以下有電梯),辦公室,鋼筋混凝土造,0990223,15.549999999999999,1,0,1,有,有,無,4200,270,,0.0,0,,RPQNMLLMNHJGFAP88CC,獨立套房,有,1130522~1131121,有,冷氣、熱水器、電視機、冰箱、網路,一般代管
斗六市,租賃房屋,雲林縣斗六市樂利街５３號６樓之１０,0.0,,,,1130521,土地0建物1車位0,六層,7,華廈(10層含以下有電梯),辦公室,鋼筋混凝土造,0990223,16.04,1,0,1,有,有,無,4200,262,,0.0,0,,RPRNMLLMNHJGFAP98CC,獨立套房,有,1130605~1131204,有,冷氣、熱水器、電視機、冰箱、網路,一般代管
斗六市,租賃房屋,雲林縣斗六市樂利街５３號３樓之３７,0.0,,,,1130518,土地0建物1車位0,三層,7,華廈(10層含以下有電梯),辦公室,鋼筋混凝土造,0990223,15.440000000000001,1,0,1,有,有,無,4200,272,,0.0,0,,RPSNMLLMNHJGFAP09CC,獨立套房,有,1130601~1131130,有,冷氣、熱水器、電視機、冰箱、網路,一般代管
斗六市,租賃房屋,雲林縣斗六市樂利街５３號３樓之３８,0.0,,,,1130516,土地0建物1車位0,三層,7,華廈(10層含以下有電梯),辦公室,鋼筋混凝土造,0990223,15.549999999999999,1,0,1,有,有,無,4200,270,,0.0,0,,RPTNMLLMNHJGFAP56CC,獨立套房,有,1130526~1131125,有,冷氣、熱水器、電視機、冰箱、網路,一般代管
斗六市,租賃房屋,雲林縣斗六市樂利街５３號３樓之４０,0.0,,,,1130517,土地0建物1車位0,三層,7,華廈(10層含以下有電梯),辦公室,鋼筋混凝土造,0990223,15.440000000000001,1,0,1,有,有,無,4200,272,,0.0,0,,RPUNMLLMNHJGFAP66CC,獨立套房,有,1130525~1131124,有,冷氣、熱水器、電視機、冰箱、網路,一般代管
虎尾鎮,租賃房屋,雲林縣虎尾鎮五間厝６０之９號,0.0,,,,1130526,土地0建物1車位0,一層,7,華廈(10層含以下有電梯),集合住宅,鋼筋混凝土造,1080409,13.32,1,0,1,有,有,無,4200,315,,0.0,0,,RPPNMLLMNHJGFDP09CC,獨立套房,有,1130725~1140724,有,冷氣、熱水器、電視機、冰箱、網路,一般代管
虎尾鎮,租賃房屋,雲林縣虎尾鎮五間厝６０號３樓之１３,0.0,,,,1130509,土地0建物1車位0,三層,7,華廈(10層含以下有電梯),集合住宅,鋼筋混凝土造,1080409,13.510000000000002,1,0,1,有,有,無,4000,296,,0.0,0,,RPQNMLLMNHJGFDP56CC,獨立套房,有,1130810~1140809,有,冷氣、熱水器、電視機、冰箱、網路,一般代管
斗六市,租賃房屋,雲林縣斗六市樂利街５３號５樓之６,0.0,,,,1130519,土地0建物1車位0,五層,7,華廈(10層含以下有電梯),辦公室,鋼筋混凝土造,0990223,19.7,1,0,1,有,有,無,4200,213,,0.0,0,,RPPNMLOJOHJGFAP88CC,獨立套房,有,1130815~1140814,有,冷氣、熱水器、電視機、冰箱、網路,一般代管
虎尾鎮,租賃房屋,雲林縣虎尾鎮五間厝６０號４樓之２９,0.0,,,,1130529,土地0建物1車位0,四層,7,華廈(10層含以下有電梯),集合住宅,鋼筋混凝土造,1080409,13.510000000000002,1,0,1,有,有,無,4000,296,,0.0,0,,RPPNMLOJOHJGFDP56CC,獨立套房,有,1130901~1140228,有,冷氣、熱水器、電視機、冰箱、網路,一般代管
斗六市,租賃房屋,雲林縣斗六市嘉東南路５０巷１０號,0.0,,,,1130529,土地0建物0車位0,全,3,透天厝,住家用,鋼筋混凝土造,0960208,15.67,7,0,7,有,無,有,3000,191,,0.0,0,,RPPNMLPJOHJGFAP98CC,分租套房,無,1130710~1140709,無,冷氣、熱水器、網路,
斗六市,租賃房屋,雲林縣斗六市一流街６６號,0.0,,,,1130602,土地0建物0車位0,全,4,透天厝,店舖、住宅、停車空間,鋼筋混凝土造,0980114,15.81,6,0,6,有,無,有,4000,253,,0.0,0,,RPQNMLPJOHJGFAP09CC,分租套房,無,1130603~1140602,無,冷氣、熱水器、電視機、冰箱、有線電視、網路,
斗六市,租賃房屋,雲林縣斗六市一流街６６號,0.0,,,,1130602,土地0建物0車位0,全,4,透天厝,店舖、住宅、停車空間,鋼筋混凝土造,0980114,15.81,6,0,6,有,無,有,4000,253,,0.0,0,,RPRNMLPJOHJGFAP56CC,分租套房,無,1130603~1140602,無,冷氣、熱水器、電視機、冰箱、有線電視、網路,
斗六市,租賃房屋,雲林縣斗六市明德北路三段３號十樓之６,0.0,,,,1130530,土地0建物1車位0,十層,16,住宅大樓(11層含以上有電梯),住家用,鋼筋混凝土造,0860515,39.12,1,1,1,有,有,有,6000,153,,0.0,0,,RPSNMLPJOHJGFAP66CC,獨立套房,有,1130615~1140614,有,冷氣、熱水器、洗衣機、電視機、冰箱,社會住宅代管
斗六市,租賃房屋,雲林縣斗六市樂利街５３號３樓之５,0.0,,,,1130527,土地0建物1車位0,三層,7,華廈(10層含以下有電梯),辦公室,鋼筋混凝土造,0990223,15.549999999999999,1,0,1,有,有,無,4200,270,,0.0,0,,RPPNMLQJOHJGFAP09CC,獨立套房,有,1130620~1131219,有,冷氣、熱水器、電視機、冰箱、網路,一般代管
斗六市,租賃房屋,雲林縣斗六市樂利街５３號５樓之３６,0.0,,,,1130530,土地0建物1車位0,五層,7,華廈(10層含以下有電梯),辦公室,鋼筋混凝土造,0990223,20.13,1,0,1,有,有,無,4200,209,,0.0,0,,RPQNMLQJOHJGFAP56CC,獨立套房,有,1130622~1131221,有,冷氣、熱水器、電視機、冰箱、網路,一般代管
斗六市,租賃房屋,雲林縣斗六市樂利街５３號４樓之２３,0.0,,,,1130530,土地0建物1車位0,四層,7,華廈(10層含以下有電梯),辦公室,鋼筋混凝土造,0990223,15.549999999999999,1,0,1,有,有,無,4200,270,,0.0,0,,RPRNMLQJOHJGFAP66CC,獨立套房,有,1130620~1131219,有,冷氣、熱水器、電視機、冰箱、網路,一般代管
斗六市,租賃房屋,雲林縣斗六市西平路１１９巷１１號,0.0,,,,1130516,土地0建物1車位0,全,1,透天厝,住家用,加強磚木造,0540710,140.52,5,2,2,有,無,有,15000,107,,0.0,0,,RPSNMLQJOHJGFAP76CC,整棟(戶)出租,無,1130516~1140515,無,熱水器、電視機、冰箱、瓦斯或天然氣,社會住宅代管
斗六市,租賃房屋,雲林縣斗六市建成路８６號３樓之９,0.0,,,,1130516,土地0建物1車位0,三層,10,華廈(10層含以下有電梯),住家用,鋼筋混凝土造,0880202,56.98,1,1,1,有,有,有,7300,128,,0.0,0,管理費700元。,RPTNMLQJOHJGFAP86CC,獨立套房,有,1130516~1140515,有,冷氣、熱水器、洗衣機、電視機、冰箱,社會住宅代管
斗南鎮,租賃房屋,雲林縣斗南鎮六合街２２巷３號６樓,0.0,,,,1130515,土地0建物1車位0,六層,6,華廈(10層含以下有電梯),住家用,鋼筋混凝土造,0820530,122.42,3,2,2,有,有,有,7900,65,,0.0,0,管理費1100元。,RPPNMLQJOHJGFBP56CC,整棟(戶)出租,無,1130701~1140630,有,冷氣、熱水器、洗衣機、電視機、冰箱、瓦斯或天然氣,社會住宅代管
斗六市,租賃房屋,雲林縣斗六市豐興路１７８之３號５樓,0.0,,,,1130519,土地0建物1車位0,五層,5,華廈(10層含以下有電梯),集合住宅,鋼筋混凝土造,1120922,95.57000000000001,3,1,2,有,有,有,18000,188,,0.0,0,,RPRNMLRJOHJGFAP76CC,整棟(戶)出租,有,1130601~1140531,有,冷氣、熱水器、洗衣機、冰箱,社會住宅代管
斗南鎮,租賃房屋,雲林縣斗南鎮民權路１０之３號４樓之３,0.0,,,,1130518,土地0建物1車位0,四層,12,住宅大樓(11層含以上有電梯),集合住宅,鋼筋混凝土造,1120712,93.77,2,1,1,有,有,有,15000,160,,0.0,0,管理費1000元。,RPPNMLRJOHJGFBP66CC,整棟(戶)出租,有,1130520~1140519,有,冷氣、熱水器、洗衣機、冰箱,社會住宅代管
斗六市,租賃房屋,雲林縣斗六市樂利街５３號３樓之２２,0.0,,,,1130604,土地0建物1車位0,三層,7,華廈(10層含以下有電梯),辦公室,鋼筋混凝土造,0990223,15.549999999999999,1,0,1,有,有,無,4200,270,,0.0,0,,RPRNMLLKOHJGFAP88CC,獨立套房,有,1130627~1131226,有,冷氣、熱水器、電視機、冰箱、網路,一般代管
四湖鄉,租賃房屋,雲林縣四湖鄉中正路３７６之１號１樓,120.0,住,,,1130530,土地1建物1車位0,全,4,透天厝,住商用,鋼筋混凝土造,0961102,66.5,1,2,0,有,無,無,34133,513,,0.0,0,租金總額含稅；租賃期間有約定不同租金113.6.10~113.7.9為免租裝修期；,RPPNMLMKOHJGFEP56CC,,無,1130610~1160709,無,,
斗南鎮,租賃房屋,雲林縣斗南鎮二重溝１６９巷５號,0.0,,,,1130530,土地0建物1車位0,全,3,透天厝,住家用,鋼筋混凝土造,0940515,156.49,4,1,2,有,無,有,18000,115,,0.0,0,,RPPNMLNKOHJGFBP98CC,整棟(戶)出租,無,1130620~1140619,無,冷氣、熱水器、洗衣機、電視機、冰箱、瓦斯或天然氣,社會住宅代管
斗六市,土地,保庄段703-1地號,1993.26,工,,,1130521,土地2建物0車位0,,,其他,,,,0.0,0,0,0,無,無,無,150000,75,,0.0,0,含增建或未登記建物；屋頂突出物作為基地台或廣告使用；,RPPNMLOKOHJGFAP98CC,,,1130701~1190630,,,
斗六市,租賃房屋,雲林縣斗六市三民路１３４號５樓,0.0,,,,1130607,土地0建物1車位0,五層,7,華廈(10層含以下有電梯),住家用,鋼筋混凝土造,0850130,102.96,3,2,2,有,無,有,12000,117,,0.0,0,,RPQNMLOKOHJGFAP09CC,整棟(戶)出租,無,1130615~1140614,有,冷氣、熱水器,
斗六市,租賃房屋,雲林縣斗六市建成路８６號五樓之８,0.0,,,,1130527,土地0建物1車位0,五層,10,華廈(10層含以下有電梯),住家用,鋼筋混凝土造,0880202,36.870000000000005,1,0,1,有,有,有,6500,176,,0.0,0,管理費700元。,RPRNMLOKOHJGFAP56CC,獨立套房,有,1130601~1140531,有,冷氣、熱水器、洗衣機、電視機、冰箱,社會住宅代管
斗六市,租賃房屋,雲林縣斗六市樂利街５３號６樓之３１,0.0,,,,1130524,土地0建物1車位0,六層,7,華廈(10層含以下有電梯),辦公室,鋼筋混凝土造,0990223,18.479999999999997,1,0,1,有,有,無,4200,227,,0.0,0,續租案件；,RPSNMLOKOHJGFAP66CC,獨立套房,有,1130701~1140630,有,冷氣、熱水器、電視機、冰箱、網路,一般代管
斗六市,租賃房屋,雲林縣斗六市樂利街５３號６樓之３３,0.0,,,,1130531,土地0建物1車位0,六層,7,華廈(10層含以下有電梯),辦公室,鋼筋混凝土造,0990223,20.12,1,0,1,有,有,無,4200,209,,0.0,0,續租案件；,RPTNMLOKOHJGFAP76CC,獨立套房,有,1130616~1140615,有,冷氣、熱水器、電視機、冰箱、網路,一般代管
斗六市,租賃房屋+車位,雲林縣斗六市南興街２７號,918.0,住,,,1130601,土地1建物1車位4,見其他登記事項,1,店面(店鋪),餐廳,鋼架有壁造,0880721,294.0,0,0,0,無,無,無,65000,221,一樓平面,0.0,0,,RPPNMLOKOHJGFAP56EC,,無,1130601~1150531,無,,
斗六市,租賃房屋,雲林縣斗六市龍潭路３之１２巷３８號４樓之３１,0.0,,,,1130528,土地0建物1車位0,四層,5,華廈(10層含以下有電梯),住家用,鋼筋混凝土造,0930326,31.77,1,0,1,有,有,有,4000,126,,0.0,0,,RPPNMLRKOHJGFAP66CC,獨立套房,有,1130701~1140630,有,冷氣、熱水器、電視機、冰箱,社會住宅代管
斗六市,租賃房屋,雲林縣斗六市樂利街５３號５樓之１１,0.0,,,,1130610,土地0建物1車位0,五層,7,華廈(10層含以下有電梯),辦公室,鋼筋混凝土造,0990223,15.549999999999999,1,0,1,有,有,無,4200,270,,0.0,0,續租案件；,RPQNMLRKOHJGFAP76CC,獨立套房,有,1130614~1131213,有,冷氣、熱水器、電視機、冰箱、網路,一般代管
斗六市,租賃房屋,雲林縣斗六市樂利街５３號３樓之３５,0.0,,,,1130601,土地0建物1車位0,三層,7,華廈(10層含以下有電梯),辦公室,鋼筋混凝土造,0990223,15.99,1,0,1,有,有,無,4200,263,,0.0,0,,RPRNMLRKOHJGFAP86CC,獨立套房,有,1130610~1131209,有,冷氣、熱水器、電視機、冰箱、網路,一般代管
斗六市,租賃房屋,雲林縣斗六市樂利街５３號５樓之１９,0.0,,,,1130610,土地0建物1車位0,五層,7,華廈(10層含以下有電梯),辦公室,鋼筋混凝土造,0990223,19.43,1,0,1,有,有,無,4200,216,,0.0,0,續租案件；,RPSNMLRKOHJGFAP96CC,獨立套房,有,1130615~1131214,有,冷氣、熱水器、電視機、冰箱、網路,一般代管
斗六市,租賃房屋,雲林縣斗六市樂利街５３號６樓之１８,0.0,,,,1130610,土地0建物1車位0,六層,7,華廈(10層含以下有電梯),辦公室,鋼筋混凝土造,0990223,19.43,1,0,1,有,有,無,4200,216,,0.0,0,,RPTNMLRKOHJGFAP07CC,獨立套房,有,1130810~1140809,有,冷氣、熱水器、電視機、冰箱、網路,一般代管
斗六市,租賃房屋+車位,雲林縣斗六市文化路９３８巷７２號７樓之３,0.0,,,,1130615,土地0建物1車位1,七層,10,華廈(10層含以下有電梯),集合住宅,鋼筋混凝土造,1120726,151.3,3,2,2,有,有,無,19000,126,坡道平面,31.58,0,,RPPNMLSKOHJGFAP76CC,整棟(戶)出租,有,1130701~1140630,有,冷氣、熱水器、瓦斯或天然氣,
北港鎮,租賃房屋,雲林縣北港鎮大同路２８２號１樓,0.0,,,,1130616,土地0建物1車位0,一層,2,店面(店鋪),店舖、工廠、住宅,磚造及鋼筋混凝土補強造,0500704,413.46,0,0,0,無,無,無,18000,44,,0.0,0,,RPPNMLSKOHJGFEP17CC,,無,1130715~1160714,無,,
斗六市,租賃房屋,雲林縣斗六市永興路２０５號,0.0,,,,1130603,土地0建物1車位0,全,4,透天厝,住商用,鋼筋混凝土造,0850325,185.14,4,2,3,有,無,無,15000,81,,0.0,0,,RPQNMLTKOHJGFAP96CC,整棟(戶)出租,無,1130610~1140609,無,熱水器、瓦斯或天然氣,社會住宅代管
斗六市,租賃房屋,雲林縣斗六市內環路５１６號,0.0,,,,1130614,土地0建物0車位0,二層,5,華廈(10層含以下有電梯),騎樓、住宅、法定停車空間、樓梯間,鋼筋混凝土造,1040505,20.83,7,0,7,有,無,有,8000,384,,0.0,0,,RPQNMLKLOHJGFAP78CC,分租套房,無,1130628~1140627,有,冷氣、熱水器、洗衣機、電視機、冰箱,一般代管
斗六市,租賃房屋,雲林縣斗六市中山路３４２巷５５號,0.0,,,,1130620,土地0建物0車位0,全,5,透天厝,住家用,鋼筋混凝土造,0940930,19.33,15,1,15,有,無,有,6000,310,,0.0,0,,RPSNMLKLOHJGFAP98CC,分租套房,無,1130620~1140619,無,冷氣、熱水器、冰箱,一般代管
斗南鎮,租賃房屋,雲林縣斗南鎮世榮街２０號七樓之６,0.0,,,,1130614,土地0建物1車位0,七層,13,住宅大樓(11層含以上有電梯),住家用,鋼筋混凝土造,0840710,33.39,1,0,1,有,有,有,7000,210,,0.0,0,,RPPNMLLLOHJGFBP88CC,獨立套房,有,1130701~1140630,有,冷氣、熱水器、洗衣機、電視機、冰箱,社會住宅代管
斗南鎮,租賃房屋,雲林縣斗南鎮世榮街２０號五樓之８,0.0,,,,1130614,土地0建物1車位0,五層,13,住宅大樓(11層含以上有電梯),住家用,鋼筋混凝土造,0840710,37.13,1,0,1,有,有,有,7000,189,,0.0,0,,RPQNMLLLOHJGFBP98CC,獨立套房,有,1130615~1140614,有,冷氣、熱水器、洗衣機、電視機、冰箱,社會住宅代管
斗六市,租賃房屋,雲林縣斗六市樂利街５３號２樓之７,0.0,,,,1130611,土地0建物1車位0,二層,7,華廈(10層含以下有電梯),辦公室,鋼筋混凝土造,0990223,15.98,1,0,1,有,有,無,4200,263,,0.0,0,,RPPNMLPLOHJGFAP56CC,獨立套房,有,1130614~1131213,有,冷氣、熱水器、電視機、冰箱、網路,一般代管
斗六市,租賃房屋,雲林縣斗六市樂利街５３號４樓之１８,0.0,,,,1130612,土地0建物1車位0,四層,7,華廈(10層含以下有電梯),辦公室,鋼筋混凝土造,0990223,15.549999999999999,1,0,1,有,有,無,4200,270,,0.0,0,續租案件；,RPQNMLPLOHJGFAP66CC,獨立套房,有,1130701~1140630,有,冷氣、熱水器、電視機、冰箱、網路,一般代管
斗六市,租賃房屋,雲林縣斗六市樂利街５３號６樓之９,0.0,,,,1130610,土地0建物1車位0,六層,7,華廈(10層含以下有電梯),辦公室,鋼筋混凝土造,0990223,18.479999999999997,1,0,1,有,有,無,4200,227,,0.0,0,續租案件；,RPRNMLPLOHJGFAP76CC,獨立套房,有,1130615~1140614,有,冷氣、熱水器、電視機、冰箱、網路,一般代管
斗六市,租賃房屋,雲林縣斗六市樂利街５３號２樓之３５,0.0,,,,1130610,土地0建物1車位0,二層,7,華廈(10層含以下有電梯),辦公室,鋼筋混凝土造,0990223,14.65,1,0,1,有,有,無,4200,287,,0.0,0,續租案件；,RPSNMLPLOHJGFAP86CC,獨立套房,有,1130613~1131212,有,冷氣、熱水器、電視機、冰箱、網路,一般代管
斗六市,租賃房屋,雲林縣斗六市樂利街５３號５樓之３５,0.0,,,,1130614,土地0建物1車位0,五層,7,華廈(10層含以下有電梯),辦公室,鋼筋混凝土造,0990223,20.13,1,0,1,有,有,無,4200,209,,0.0,0,,RPTNMLPLOHJGFAP96CC,獨立套房,有,1130910~1140309,有,冷氣、熱水器、電視機、冰箱、網路,一般代管
斗六市,土地,秀才段448地號,49.59,,一般農業區,農牧用地,1130621,土地1建物0車位0,,,其他,,,,0.0,0,0,0,無,無,無,31000,625,,0.0,0,含增建或未登記建物；,RPUNMLPLOHJGFAP07CC,,,1130701~1131231,,,
虎尾鎮,租賃房屋,雲林縣虎尾鎮五間厝６０號５樓之３６,0.0,,,,1130602,土地0建物1車位0,五層,7,華廈(10層含以下有電梯),集合住宅,鋼筋混凝土造,1080409,13.32,1,0,1,有,有,無,4000,300,,0.0,0,,RPPNMLPLOHJGFDP86CC,獨立套房,有,1130615~1140614,有,冷氣、熱水器、電視機、冰箱、網路,一般代管
斗六市,租賃房屋,雲林縣斗六市鎮北路２０號,0.0,,,,1130625,土地0建物1車位0,全,2,透天厝,騎樓、店舖、住宅,鋼骨造有牆,1020723,104.98,0,0,0,無,無,無,27000,257,,0.0,0,,RPQNMLQLOHJGFAP76CC,,無,1130710~1160709,無,,
虎尾鎮,租賃房屋,雲林縣虎尾鎮忠孝路２４０號五樓之一,0.0,,,,1130614,土地0建物1車位0,五層,8,華廈(10層含以下有電梯),住家用,鋼筋混凝土造,0850926,92.36999999999999,2,2,1,有,有,無,12500,135,,0.0,0,租金總額含管理費；,RPPNMLRLOHJGFDP07CC,整棟(戶)出租,有,1130701~1140630,有,冷氣、熱水器、瓦斯或天然氣,
斗六市,租賃房屋,雲林縣斗六市忠孝路１５７號４樓,0.0,,,,1130624,土地0建物0車位0,四層,7,華廈(10層含以下有電梯),住家用,鋼筋混凝土造,0841120,18.0,6,0,6,有,有,有,6000,333,,0.0,0,,RPPNMLSLOHJGFAP86CC,分租套房,有,1130630~1140629,有,冷氣、熱水器、洗衣機、電視機、冰箱,一般代管
斗六市,租賃房屋,雲林縣斗六市樂利街５３號４樓之９,0.0,,,,1130619,土地0建物1車位0,四層,7,華廈(10層含以下有電梯),辦公室,鋼筋混凝土造,0990223,15.24,1,0,1,有,有,無,4200,276,,0.0,0,續租案件；,RPQNMLSLOHJGFAP96CC,獨立套房,有,1130711~1140110,有,冷氣、熱水器、電視機、冰箱、網路,一般代管
斗六市,租賃房屋,雲林縣斗六市樂利街５３號７樓之２２,0.0,,,,1130620,土地0建物1車位0,七層,7,華廈(10層含以下有電梯),辦公室,鋼筋混凝土造,0990223,15.549999999999999,1,0,1,有,有,無,4200,270,,0.0,0,,RPRNMLSLOHJGFAP07CC,獨立套房,有,1130708~1140707,有,冷氣、熱水器、電視機、冰箱、網路,一般代管
斗六市,租賃房屋,雲林縣斗六市中堅西路２３２號,0.0,,,,1130613,土地0建物0車位0,全,3,透天厝,住商用,鋼筋混凝土造,0920429,15.43,9,0,9,有,無,有,3500,227,,0.0,0,,RPPNMLNJPHJGFAP88CC,分租套房,無,1130701~1140630,無,冷氣、熱水器、冰箱、網路,
斗六市,租賃房屋,雲林縣斗六市樂利街５３號３樓之３３,0.0,,,,1130625,土地0建物1車位0,三層,7,華廈(10層含以下有電梯),辦公室,鋼筋混凝土造,0990223,15.81,1,0,1,有,有,無,4200,266,,0.0,0,,RPQNMLNJPHJGFAP98CC,獨立套房,有,1130901~1140228,有,冷氣、熱水器、電視機、冰箱、網路,一般代管
斗六市,租賃房屋,雲林縣斗六市中堅西路２３２號,0.0,,,,1130613,土地0建物0車位0,全,3,透天厝,住商用,鋼筋混凝土造,0920429,15.35,9,0,9,有,無,有,3500,228,,0.0,0,,RPRNMLNJPHJGFAP09CC,分租套房,無,1130701~1140630,無,冷氣、熱水器、冰箱、網路,
斗六市,租賃房屋,雲林縣斗六市中堅西路２３２號,0.0,,,,1130625,土地0建物0車位0,全,3,透天厝,住商用,鋼筋混凝土造,0920429,19.17,9,0,9,有,無,有,3600,188,,0.0,0,,RPSNMLNJPHJGFAP56CC,分租套房,無,1130701~1140228,無,冷氣、熱水器、冰箱、網路,
斗六市,租賃房屋,雲林縣斗六市中山路１７８號,0.0,,,,1130702,土地0建物0車位0,五層,5,華廈(10層含以下有電梯),住商用,鋼筋混凝土造,0831216,16.0,6,0,6,有,無,有,5000,313,,0.0,0,,RPUNMLNJPHJGFAP76CC,分租套房,無,1130710~1140709,有,冷氣、熱水器、電視機、冰箱,一般代管
斗六市,租賃房屋,雲林縣斗六市一流街６６號,0.0,,,,1130610,土地0建物0車位0,全,4,透天厝,店舖、住宅、停車空間,鋼筋混凝土造,0980114,29.56,6,0,6,有,無,有,7000,237,,0.0,0,,RPVNMLNJPHJGFAP86CC,分租套房,無,1130610~1140609,無,冷氣、熱水器、電視機、冰箱、有線電視、網路,
斗六市,租賃房屋,雲林縣斗六市忠孝路１５７號４樓,0.0,,,,1130702,土地0建物0車位0,四層,7,華廈(10層含以下有電梯),住家用,鋼筋混凝土造,0841120,19.0,6,0,6,有,有,有,5000,263,,0.0,0,,RPWNMLNJPHJGFAP96CC,分租套房,有,1130704~1140703,有,冷氣、熱水器、電視機、冰箱,一般代管
斗南鎮,租賃房屋,雲林縣斗南鎮大同路７７號,0.0,,,,1130618,土地0建物1車位0,全,3,透天厝,住商用,加強磚造,,218.27,4,2,3,有,無,無,30000,137,,0.0,0,,RPPNMLNJPHJGFBP98CC,整棟(戶)出租,無,1130801~1140731,無,冷氣、電視機,
虎尾鎮,租賃房屋,雲林縣虎尾鎮立新街６２號,0.0,,,,1130605,土地0建物0車位0,二層,4,公寓(5樓含以下無電梯),人行道，店舖住宅,鋼筋混凝土造,0860626,12.75,19,0,19,有,無,有,3000,235,,0.0,0,,RPPNMLNJPHJGFDP56CC,分租套房,無,1130701~1140630,無,冷氣、熱水器、冰箱、網路,
虎尾鎮,租賃房屋,雲林縣虎尾鎮八德街１０３號六樓之１,0.0,,,,1130605,土地0建物3車位0,六層,13,住宅大樓(11層含以上有電梯),集合住宅,鋼筋混凝土造,0960205,32.32,1,0,1,有,有,有,5000,155,,0.0,0,,RPRNMLNJPHJGFDP76CC,獨立套房,有,1130901~1140630,有,冷氣、熱水器、電視機、冰箱、有線電視、網路,
北港鎮,租賃房屋,雲林縣北港鎮義民路１９號,0.0,,,,1130607,土地0建物1車位0,三層,5,華廈(10層含以下有電梯),住商用,鋼筋混凝土造,0850103,100.72,0,0,0,無,無,無,10000,99,,0.0,0,含增建或未登記建物；,RPQNMLNJPHJGFEP76CC,分層出租,無,1130627~1140626,有,熱水器,
斗六市,租賃房屋,雲林縣斗六市樂利街５３號４樓之２,0.0,,,,1130626,土地0建物1車位0,四層,7,華廈(10層含以下有電梯),辦公室,鋼筋混凝土造,0990223,15.549999999999999,1,0,1,有,有,無,4200,270,,0.0,0,續租案件；,RPPNMLOJPHJGFAP98CC,獨立套房,有,1130905~1140904,有,冷氣、熱水器、電視機、冰箱、網路,一般代管
斗六市,租賃房屋,雲林縣斗六市樂利街５３號２樓之２２,0.0,,,,1130621,土地0建物1車位0,二層,7,華廈(10層含以下有電梯),辦公室,鋼筋混凝土造,0990223,15.549999999999999,1,0,1,有,有,無,4200,270,,0.0,0,續租案件；,RPQNMLOJPHJGFAP09CC,獨立套房,有,1130726~1140725,有,冷氣、熱水器、電視機、冰箱、網路,一般代管
斗六市,租賃房屋,雲林縣斗六市樂利街５３號６樓之２２,0.0,,,,1130618,土地0建物1車位0,六層,7,華廈(10層含以下有電梯),辦公室,鋼筋混凝土造,0990223,15.549999999999999,1,0,1,有,有,無,4200,270,,0.0,0,續租案件；,RPRNMLOJPHJGFAP56CC,獨立套房,有,1130905~1140904,有,冷氣、熱水器、電視機、冰箱、網路,一般代管
斗六市,租賃房屋,雲林縣斗六市樂利街５３號７樓之２７,0.0,,,,1130627,土地0建物1車位0,七層,7,華廈(10層含以下有電梯),辦公室,鋼筋混凝土造,0990223,15.24,1,0,1,有,有,無,4200,276,,0.0,0,續租案件；,RPSNMLOJPHJGFAP66CC,獨立套房,有,1130710~1140709,有,冷氣、熱水器、電視機、冰箱、網路,一般代管
斗六市,租賃房屋,雲林縣斗六市樂利街５３號２樓之３,0.0,,,,1130612,土地0建物1車位0,二層,7,華廈(10層含以下有電梯),辦公室,鋼筋混凝土造,0990223,18.34,1,0,1,有,有,無,4200,229,,0.0,0,續租案件；,RPPNMLSJPHJGFAP76CC,獨立套房,有,1130712~1140111,有,冷氣、熱水器、電視機、冰箱、網路,一般代管
斗六市,租賃房屋,雲林縣斗六市樂利街５３號４樓之１７,0.0,,,,1130612,土地0建物1車位0,四層,7,華廈(10層含以下有電梯),辦公室,鋼筋混凝土造,0990223,15.549999999999999,1,0,1,有,有,無,4200,270,,0.0,0,續租案件；,RPQNMLSJPHJGFAP86CC,獨立套房,有,1130620~1131219,有,冷氣、熱水器、電視機、冰箱、網路,一般代管
斗南鎮,租賃房屋,雲林縣斗南鎮永安街１８６號七樓之１,0.0,,,,1130630,土地0建物1車位0,七層,12,住宅大樓(11層含以上有電梯),住家用,鋼筋混凝土造,0840316,115.46000000000001,3,2,2,有,有,有,10000,87,,0.0,0,,RPPNMLSJPHJGFBP86CC,整棟(戶)出租,有,1130630~1140616,有,冷氣、熱水器、洗衣機、電視機、冰箱、瓦斯或天然氣,社會住宅代管
斗六市,租賃房屋,雲林縣斗六市樂利街５３號３樓之３１,0.0,,,,1130625,土地0建物1車位0,三層,7,華廈(10層含以下有電梯),辦公室,鋼筋混凝土造,0990223,18.34,1,0,1,有,有,無,4200,229,,0.0,0,續租案件；,RPPNMLTJPHJGFAP86CC,獨立套房,有,1130715~1140114,有,冷氣、熱水器、電視機、冰箱、網路,一般代管
斗六市,租賃房屋,雲林縣斗六市樂利街５３號７樓之２８,0.0,,,,1130625,土地0建物1車位0,七層,7,華廈(10層含以下有電梯),辦公室,鋼筋混凝土造,0990223,16.56,1,0,1,有,有,無,4200,254,,0.0,0,續租案件；,RPQNMLTJPHJGFAP96CC,獨立套房,有,1130705~1140104,有,冷氣、熱水器、電視機、冰箱、網路,一般代管
斗六市,租賃房屋+車位,雲林縣斗六市平等街２３號七樓,0.0,,,,1130624,土地0建物1車位1,七層,7,華廈(10層含以下有電梯),住家用,鋼筋混凝土造,0830819,114.0,3,2,2,有,有,有,17000,149,坡道機械,0.0,0,,RPSNMLTJPHJGFAP17CC,整棟(戶)出租,有,1130701~1140630,有,冷氣、熱水器、洗衣機、電視機、冰箱、瓦斯或天然氣、有線電視,
虎尾鎮,租賃房屋,雲林縣虎尾鎮永興南二街２５８號四樓之１１,0.0,,,,1130628,土地0建物1車位0,四層,11,住宅大樓(11層含以上有電梯),集合住宅,鋼筋混凝土造,1120918,62.82000000000001,1,1,1,有,有,有,13000,207,,0.0,0,多人共同承租2；,RPPNMLTJPHJGFDP17CC,獨立套房,有,1130628~1140627,有,冷氣、熱水器、洗衣機、電視機、冰箱、瓦斯或天然氣,社會住宅代管
斗六市,租賃房屋,雲林縣斗六市忠孝路１５７號４樓,0.0,,,,1130701,土地0建物0車位0,四層,7,華廈(10層含以下有電梯),住家用,鋼筋混凝土造,0841120,19.0,6,0,6,有,有,有,6000,316,,0.0,0,,RPPNMLKKPHJGFAP68CC,分租套房,有,1130701~1140131,有,冷氣、熱水器、電視機、冰箱,一般代管
斗六市,租賃房屋,雲林縣斗六市永昌西街２６９號三樓之一,0.0,,,,1130617,土地0建物1車位0,三層,5,華廈(10層含以下有電梯),住家用,鋼筋混凝土造,1090703,109.28999999999999,2,2,2,有,有,有,25000,229,,0.0,0,,RPPNMLMKPHJGFAP88CC,整棟(戶)出租,有,1130701~1140630,有,冷氣、熱水器、洗衣機、電視機、冰箱、瓦斯或天然氣,
斗六市,租賃房屋,雲林縣斗六市樂利街５３號４樓之３６,0.0,,,,1130625,土地0建物1車位0,四層,7,華廈(10層含以下有電梯),辦公室,鋼筋混凝土造,0990223,15.549999999999999,1,0,1,有,有,無,4200,270,,0.0,0,,RPRNMLMKPHJGFAP09CC,獨立套房,有,1130801~1140731,有,冷氣、熱水器、電視機、冰箱、網路,一般代管
斗六市,租賃房屋,雲林縣斗六市文化路３１２號,0.0,,,,1130628,土地0建物1車位0,見其他登記事項,1,店面(店鋪),住家用,鋼架有壁造,0820707,54.51,0,0,0,無,無,無,18000,330,,0.0,0,,RPVNMLMKPHJGFAP86CC,,無,1130901~1190831,無,,
斗六市,租賃房屋,雲林縣斗六市文化路３１４號,0.0,,,,1130628,土地0建物1車位0,見其他登記事項,1,店面(店鋪),住家用,鋼架有壁造,0820707,54.51,0,0,0,無,無,無,18000,330,,0.0,0,,RPWNMLMKPHJGFAP96CC,,無,1130901~1190831,無,,
斗六市,土地,海豐崙段海豐崙小段400-106地號,143.0,住,,,1130628,土地2建物0車位0,,,其他,,,,0.0,0,0,0,無,無,無,9000,63,,0.0,0,租金:113.09.01-115.08.31每月新台幣9000元整；115.09.01-119.08.31每月新台幣14000元整。,RPXNMLMKPHJGFAP07CC,,,1130901~1190831,,,
斗六市,租賃房屋,雲林縣斗六市文安街８８號３樓,0.0,,,,1130630,土地0建物1車位0,三層,7,華廈(10層含以下有電梯),集合住宅,鋼筋混凝土造,1120609,106.89,3,2,2,有,有,有,23500,220,,0.0,0,多人共同承租2；,RPPNMLPKPHJGFAP56CC,整棟(戶)出租,無,1130716~1140731,有,冷氣、熱水器、洗衣機、電視機、冰箱,
斗六市,租賃房屋,雲林縣斗六市內環路３７０號,0.0,,,,1130710,土地0建物1車位0,全,2,透天厝,住商用,加強磚造,0680524,105.78,3,2,3,有,無,無,13500,128,,0.0,0,,RPPNMLQKPHJGFAP66CC,整棟(戶)出租,無,1130710~1140604,無,冷氣、熱水器、瓦斯或天然氣,社會住宅包租轉租
斗六市,租賃房屋,雲林縣斗六市崙中路４９之５號,0.0,,,,1130711,土地0建物1車位0,全,3,透天厝,住家用,鋼筋混凝土造,0840729,198.92,4,2,3,有,無,無,12000,60,,0.0,0,,RPQNMLQKPHJGFAP76CC,整棟(戶)出租,無,1130820~1140819,無,冷氣、熱水器、瓦斯或天然氣,社會住宅包租轉租
斗六市,租賃房屋,雲林縣斗六市大仁街３７號三樓,0.0,,,,1130710,土地0建物1車位0,三層,4,公寓(5樓含以下無電梯),住家用,鋼筋混凝土造,0930301,25.55,1,0,1,有,有,有,5500,215,,0.0,0,管理費500元。租金總額含網路費；,RPRNMLQKPHJGFAP86CC,獨立套房,無,1130825~1140824,無,冷氣、熱水器、電視機、冰箱,社會住宅代管
虎尾鎮,租賃房屋,雲林縣虎尾鎮立新街６２號,0.0,,,,1130617,土地0建物0車位0,全,4,透天厝,人行道，店舖住宅,鋼筋混凝土造,0860626,17.04,19,0,19,有,無,有,3500,205,,0.0,0,,RPPNMLQKPHJGFDP96CC,分租套房,無,1130901~1140831,無,冷氣、熱水器、冰箱、網路,
虎尾鎮,租賃房屋,雲林縣虎尾鎮立新街６２號,0.0,,,,1130617,土地0建物0車位0,全,4,透天厝,人行道，店舖住宅,鋼筋混凝土造,0860626,12.88,19,0,19,有,無,有,3600,280,,0.0,0,,RPQNMLQKPHJGFDP07CC,分租套房,無,1130701~1140630,無,冷氣、熱水器、冰箱、網路,
虎尾鎮,租賃房屋,雲林縣虎尾鎮立新街６２號,0.0,,,,1130617,土地0建物0車位0,全,4,透天厝,人行道，店舖住宅,鋼筋混凝土造,0860626,11.31,19,0,19,有,無,有,3000,265,,0.0,0,,RPRNMLQKPHJGFDP17CC,分租套房,無,1130901~1140831,無,冷氣、熱水器、冰箱、網路,
虎尾鎮,租賃房屋,雲林縣虎尾鎮立新街６２號,0.0,,,,1130617,土地0建物0車位0,全,4,透天厝,人行道，店舖住宅,鋼筋混凝土造,0860626,12.88,19,0,19,有,無,有,3600,280,,0.0,0,,RPSNMLQKPHJGFDP27CC,分租套房,無,1130901~1140831,無,冷氣、熱水器、冰箱、網路,
虎尾鎮,租賃房屋,雲林縣虎尾鎮立新街６２號,0.0,,,,1130617,土地0建物0車位0,全,4,透天厝,人行道，店舖住宅,鋼筋混凝土造,0860626,17.04,19,0,19,有,無,有,3500,205,,0.0,0,,RPTNMLQKPHJGFDP37CC,分租套房,無,1130701~1140630,無,冷氣、熱水器、冰箱、網路,
虎尾鎮,租賃房屋,雲林縣虎尾鎮立新街６２號,0.0,,,,1130620,土地0建物0車位0,全,4,透天厝,人行道，店舖住宅,鋼筋混凝土造,0860626,11.38,19,0,19,有,無,有,3000,264,,0.0,0,,RPUNMLQKPHJGFDP47CC,分租套房,無,1130701~1140630,無,冷氣、熱水器、冰箱、網路,
虎尾鎮,租賃房屋,雲林縣虎尾鎮立新街６２號,0.0,,,,1130620,土地0建物0車位0,全,4,透天厝,人行道，店舖住宅,鋼筋混凝土造,0860626,11.38,19,0,19,有,無,有,3000,264,,0.0,0,,RPVNMLQKPHJGFDP57CC,分租套房,無,1130701~1140630,無,冷氣、熱水器、冰箱、網路,
虎尾鎮,租賃房屋,雲林縣虎尾鎮八德街１０３號三樓之５,0.0,,,,1130620,土地0建物3車位0,三層,13,住宅大樓(11層含以上有電梯),集合住宅,鋼筋混凝土造,0960205,32.32,1,0,1,有,有,有,5000,155,,0.0,0,,RPXNMLQKPHJGFDP77CC,獨立套房,有,1130701~1140630,有,冷氣、熱水器、電視機、冰箱、有線電視、網路,
斗六市,租賃房屋,雲林縣斗六市龍潭路３之１２巷３８號三樓之３１,0.0,,,,1130620,土地0建物1車位0,三層,5,華廈(10層含以下有電梯),住家用,鋼筋混凝土造,0930326,19.32,1,0,1,有,有,有,4000,207,,0.0,0,,RPPNMLRKPHJGFAP76CC,獨立套房,有,1130701~1140630,有,冷氣、熱水器、電視機、冰箱、有線電視、網路,
斗六市,租賃房屋,雲林縣斗六市龍潭路３之１２巷３８號三樓之２８,0.0,,,,1130620,土地0建物1車位0,三層,5,華廈(10層含以下有電梯),住家用,鋼筋混凝土造,0930326,19.32,1,0,1,有,有,有,4000,207,,0.0,0,,RPQNMLRKPHJGFAP86CC,獨立套房,有,1130801~1140731,有,冷氣、熱水器、電視機、冰箱、有線電視、網路,
斗六市,租賃房屋,雲林縣斗六市石榴路３６９巷１１２弄４７號,0.0,,,,1130619,土地0建物0車位0,全,5,透天厝,住家用,鋼筋混凝土造,0950424,15.26,4,2,4,有,無,有,6000,393,,0.0,0,,RPSNMLRKPHJGFAP07CC,分租套房,無,1130701~1140630,無,冷氣、網路,
斗六市,租賃房屋,雲林縣斗六市石榴路３６９巷１１２弄４７號,0.0,,,,1130619,土地0建物0車位0,全,5,透天厝,住家用,鋼筋混凝土造,0950424,13.51,4,2,4,有,無,有,5000,370,,0.0,0,,RPUNMLRKPHJGFAP27CC,分租雅房,無,1130701~1140630,無,冷氣、網路,
斗六市,租賃房屋,雲林縣斗六市石榴路３６９巷１１２弄４７號,0.0,,,,1130619,土地0建物0車位0,全,5,透天厝,住家用,鋼筋混凝土造,0950424,24.35,4,2,4,有,無,有,8000,329,,0.0,0,,RPVNMLRKPHJGFAP37CC,分租套房,無,1130701~1140630,無,冷氣、網路,
斗六市,租賃房屋,雲林縣斗六市石榴路３６９巷１１２弄４７號,0.0,,,,1130619,土地0建物0車位0,全,5,透天厝,住家用,鋼筋混凝土造,0950424,26.39,4,2,4,有,無,有,7000,265,,0.0,0,,RPWNMLRKPHJGFAP47CC,分租雅房,無,1130701~1140630,無,冷氣、網路,
虎尾鎮,租賃房屋,雲林縣虎尾鎮八德街１２８號,0.0,,,,1130624,土地0建物0車位0,全,4,透天厝,住家用,鋼筋混凝土造,0920219,13.77,14,0,14,有,無,有,3200,232,,0.0,0,,RPPNMLRKPHJGFDP07CC,分租套房,無,1130624~1140623,無,冷氣、熱水器、網路,
虎尾鎮,租賃房屋,雲林縣虎尾鎮八德街１２８號,0.0,,,,1130630,土地0建物0車位0,全,4,透天厝,住家用,鋼筋混凝土造,0920219,13.77,14,0,14,有,無,有,3500,254,,0.0,0,,RPQNMLRKPHJGFDP17CC,分租套房,無,1130701~1140630,無,冷氣、熱水器、網路,
斗六市,租賃房屋,雲林縣斗六市忠孝路１５７號４樓,0.0,,,,1130715,土地0建物0車位0,四層,7,華廈(10層含以下有電梯),住家用,鋼筋混凝土造,0841120,19.0,6,0,6,有,有,有,5000,263,,0.0,0,續租案件；,RPPNMLSKPHJGFAP86CC,分租套房,有,1130801~1140731,有,冷氣、熱水器、冰箱,一般代管
斗六市,租賃房屋,雲林縣斗六市忠孝路１５７號４樓,0.0,,,,1130712,土地0建物0車位0,四層,7,華廈(10層含以下有電梯),住家用,鋼筋混凝土造,0841120,19.0,6,0,6,有,有,有,5000,263,,0.0,0,,RPQNMLSKPHJGFAP96CC,分租套房,有,1130714~1140713,有,冷氣、熱水器、電視機、冰箱,一般代管
斗六市,租賃房屋,雲林縣斗六市龍潭南路１５-８號,0.0,,,,1130620,土地0建物0車位0,一層,3,農舍,農舍,鋼筋混凝土造,0900409,17.84,40,0,40,有,無,有,3600,,,0.0,0,,RPSNMLSKPHJGFAP17CC,分租套房,無,1130701~1140630,無,冷氣、網路,
斗六市,租賃房屋,雲林縣斗六市 龍潭南路１５-８號,0.0,,,,1130620,土地0建物0車位0,一層,3,農舍,農舍,鋼筋混凝土造,0900409,17.7,40,0,40,有,無,有,3600,,,0.0,0,,RPTNMLSKPHJGFAP27CC,分租套房,無,1130701~1140630,無,冷氣、網路,
斗六市,租賃房屋,雲林縣斗六市龍潭南路１５-８號,0.0,,,,1130620,土地0建物0車位0,一層,3,農舍,農舍,鋼筋混凝土造,0900409,18.19,40,0,40,有,無,有,3500,,,0.0,0,,RPUNMLSKPHJGFAP37CC,分租套房,無,1130701~1140630,無,冷氣、網路,
斗六市,租賃房屋,雲林縣斗六市龍潭南路１５-８號,0.0,,,,1130620,土地0建物0車位0,一層,3,農舍,農舍,鋼筋混凝土造,0900409,18.23,40,0,40,有,無,有,3300,,,0.0,0,,RPVNMLSKPHJGFAP47CC,分租套房,無,1130701~1140630,無,冷氣、網路,
斗六市,租賃房屋,雲林縣斗六市龍潭南路１５-８號,0.0,,,,1130620,土地0建物0車位0,一層,3,農舍,農舍,鋼筋混凝土造,0900409,18.65,40,0,40,有,無,有,3600,,,0.0,0,,RPWNMLSKPHJGFAP57CC,分租套房,無,1130801~1140731,無,冷氣、網路,
斗六市,租賃房屋,雲林縣斗六市龍潭南路１５-８號,0.0,,,,1130620,土地0建物0車位0,二層,3,農舍,農舍,鋼筋混凝土造,0900409,17.75,40,0,40,有,無,有,3500,,,0.0,0,,RPXNMLSKPHJGFAP67CC,分租套房,無,1130901~1140831,無,冷氣、網路,
斗六市,租賃房屋,雲林縣斗六市 龍潭南路１５-８號,0.0,,,,1130620,土地0建物0車位0,二層,3,農舍,農舍,鋼筋混凝土造,0900409,17.77,40,0,40,有,無,有,3500,,,0.0,0,,RPOOMLSKPHJGFAP86CC,分租套房,無,1131014~1141013,無,冷氣、網路,
斗六市,租賃房屋,雲林縣斗六市龍潭南路１５-８號,0.0,,,,1130620,土地0建物0車位0,二層,3,農舍,農舍,鋼筋混凝土造,0900409,17.7,40,0,40,有,無,有,3500,,,0.0,0,,RPPOMLSKPHJGFAP96CC,分租套房,無,1130701~1140630,無,冷氣、網路,
斗六市,租賃房屋,雲林縣斗六市龍潭南路１５-８號,0.0,,,,1130620,土地0建物0車位0,二層,3,農舍,農舍,鋼筋混凝土造,0900409,17.77,40,0,40,有,無,有,3600,,,0.0,0,,RPQOMLSKPHJGFAP07CC,分租套房,無,1130701~1140630,無,冷氣、網路,
斗六市,租賃房屋,雲林縣斗六市龍潭南路１５-８號,0.0,,,,1130620,土地0建物0車位0,二層,3,農舍,農舍,鋼筋混凝土造,0900409,17.92,40,0,40,有,無,有,3600,,,0.0,0,,RPROMLSKPHJGFAP17CC,分租套房,無,1130701~1140630,無,冷氣、網路,
虎尾鎮,租賃房屋,雲林縣虎尾鎮八德街１２８號,0.0,,,,1130630,土地0建物0車位0,全,4,透天厝,住家用,鋼筋混凝土造,0920219,13.37,14,0,14,有,無,有,3200,239,,0.0,0,,RPPNMLSKPHJGFDP17CC,分租套房,無,1130630~1140629,無,冷氣、熱水器、網路,
斗六市,租賃房屋,雲林縣斗六市龍潭南路１５-８號,0.0,,,,1130620,土地0建物0車位0,二層,3,農舍,農舍,鋼筋混凝土造,0900409,17.75,40,0,40,有,無,有,3600,,,0.0,0,,RPPNMLTKPHJGFAP96CC,分租套房,無,1130701~1140630,無,冷氣、網路,
斗六市,租賃房屋,雲林縣斗六市龍潭南路１５-８號,0.0,,,,1130620,土地0建物0車位0,二層,3,農舍,農舍,鋼筋混凝土造,0900409,18.26,40,0,40,有,無,有,3500,,,0.0,0,,RPQNMLTKPHJGFAP07CC,分租套房,無,1130710~1140630,無,冷氣、網路,
斗六市,租賃房屋,雲林縣斗六市龍潭南路１５-８號,0.0,,,,1130620,土地0建物0車位0,二層,3,農舍,農舍,鋼筋混凝土造,0900409,17.97,40,0,40,有,無,有,3600,,,0.0,0,,RPRNMLTKPHJGFAP17CC,分租套房,無,1130701~1140630,無,冷氣、網路,
斗六市,租賃房屋,雲林縣斗六市龍潭南路１５-８號,0.0,,,,1130620,土地0建物0車位0,二層,3,農舍,農舍,鋼筋混凝土造,0900409,17.68,40,0,40,有,無,有,3600,,,0.0,0,,RPSNMLTKPHJGFAP27CC,分租套房,無,1130701~1140630,無,冷氣、網路,
斗六市,租賃房屋,雲林縣斗六市龍潭南路１５-８號,0.0,,,,1130620,土地0建物0車位0,三層,3,農舍,農舍,鋼筋混凝土造,0900409,17.49,40,0,40,有,無,有,3500,,,0.0,0,,RPTNMLTKPHJGFAP37CC,分租套房,無,1130701~1140630,無,冷氣、網路,
斗六市,租賃房屋,雲林縣斗六市龍潭南路１５-８號,0.0,,,,1130620,土地0建物0車位0,三層,3,農舍,農舍,鋼筋混凝土造,0900409,17.8,40,0,40,有,無,有,1950,,,0.0,0,,RPVNMLTKPHJGFAP57CC,分租套房,無,1130701~1140630,無,冷氣、網路,
斗六市,租賃房屋,雲林縣斗六市龍潭南路１５-８號,0.0,,,,1130620,土地0建物0車位0,三層,3,農舍,農舍,鋼筋混凝土造,0900409,17.8,40,0,40,有,無,有,1950,,,0.0,0,,RPWNMLTKPHJGFAP67CC,分租套房,無,1130701~1140630,無,冷氣、網路,
斗六市,租賃房屋,雲林縣斗六市龍潭南路１５-８號,0.0,,,,1130620,土地0建物0車位0,三層,3,農舍,農舍,鋼筋混凝土造,0900409,18.02,40,0,40,有,無,有,3600,,,0.0,0,,RPOOMLTKPHJGFAP96CC,分租套房,無,1130701~1140630,無,冷氣、網路,
斗六市,租賃房屋,雲林縣斗六市龍潭南路１５-８號,0.0,,,,1130620,土地0建物0車位0,三層,3,農舍,農舍,鋼筋混凝土造,0900409,17.36,40,0,40,有,無,有,3600,,,0.0,0,,RPPOMLTKPHJGFAP07CC,分租套房,無,1130701~1140630,無,冷氣、網路,
斗六市,租賃房屋,雲林縣斗六市龍潭南路１５-８號,0.0,,,,1130620,土地0建物0車位0,三層,3,農舍,農舍,鋼筋混凝土造,0900409,18.17,40,0,40,有,無,有,3500,,,0.0,0,,RPQOMLTKPHJGFAP17CC,分租套房,無,1130701~1140630,無,冷氣、網路,
斗六市,租賃房屋,雲林縣斗六市龍潭南路１５-８號,0.0,,,,1130620,土地0建物0車位0,三層,3,農舍,農舍,鋼筋混凝土造,0900409,17.61,40,0,40,有,無,有,3300,,,0.0,0,,RPROMLTKPHJGFAP27CC,分租套房,無,1130701~1140630,無,冷氣、網路,
斗六市,租賃房屋,雲林縣斗六市龍潭南路１５-８號,0.0,,,,1130621,土地0建物0車位0,一層,3,農舍,農舍,鋼筋混凝土造,0900409,17.82,40,0,40,有,無,有,3600,,,0.0,0,,RPSOMLTKPHJGFAP37CC,分租套房,無,1130901~1140630,無,冷氣、網路,
斗六市,租賃房屋,雲林縣斗六市龍潭南路１５-８號,0.0,,,,1130627,土地0建物0車位0,一層,3,農舍,農舍,鋼筋混凝土造,0900409,17.86,40,0,40,有,無,有,3500,,,0.0,0,,RPTOMLTKPHJGFAP47CC,分租套房,無,1130701~1140630,無,冷氣、網路,
斗六市,租賃房屋,雲林縣斗六市龍潭南路１５-８號,0.0,,,,1130629,土地0建物0車位0,二層,3,農舍,農舍,鋼筋混凝土造,0900409,17.77,40,0,40,有,無,有,3600,,,0.0,0,,RPUOMLTKPHJGFAP57CC,分租套房,無,1130701~1140630,無,冷氣、網路,
斗六市,租賃房屋,雲林縣斗六市龍潭南路１５-８號,0.0,,,,1130629,土地0建物0車位0,一層,3,農舍,農舍,鋼筋混凝土造,0900409,17.86,40,0,40,有,無,有,3600,,,0.0,0,,RPVOMLTKPHJGFAP67CC,分租套房,無,1130701~1140630,無,冷氣、網路,
北港鎮,租賃房屋,雲林縣北港鎮大同路５１６巷６８號,0.0,,,,1130622,土地0建物1車位0,全,2,透天厝,住家用,鋼筋混凝土造,0730915,52.28,3,0,1,有,無,無,8500,163,,0.0,0,,RPPNMLKLPHJGFEP56CC,分層出租,無,1130622~1140621,無,冷氣、洗衣機、冰箱,
斗六市,租賃房屋,雲林縣斗六市內環路４９５號３樓-５,0.0,,,,1130715,土地0建物1車位0,三層,5,華廈(10層含以下有電梯),集合住宅,鋼筋混凝土造,1110218,73.41,1,1,1,有,有,有,12500,170,,0.0,0,,RPPNMLMLPHJGFAP98CC,整棟(戶)出租,無,1130716~1140715,有,冷氣、熱水器、洗衣機、電視機、冰箱,一般代管
斗南鎮,租賃房屋,雲林縣斗南鎮世榮街２０號六樓之１,0.0,,,,1130710,土地0建物1車位0,六層,13,住宅大樓(11層含以上有電梯),住家用,鋼筋混凝土造,0840710,81.25999999999999,2,1,1,有,有,有,10000,123,,0.0,0,,RPPNMLMLPHJGFBP09CC,整棟(戶)出租,有,1130710~1140709,有,冷氣、熱水器、洗衣機、電視機、冰箱、瓦斯或天然氣,社會住宅代管
斗六市,租賃房屋,雲林縣斗六市樂利街５３號２樓之５,0.0,,,,1130715,土地0建物1車位0,二層,7,華廈(10層含以下有電梯),辦公室,鋼筋混凝土造,0990223,14.2,1,0,1,有,有,無,4200,296,,0.0,0,續租案件；,RPPNMLNLPHJGFAP09CC,獨立套房,有,1130715~1140114,有,冷氣、熱水器、電視機、冰箱、網路,一般代管
斗六市,租賃房屋,雲林縣斗六市樂利街５３號２樓之２０,0.0,,,,1130715,土地0建物1車位0,二層,7,華廈(10層含以下有電梯),辦公室,鋼筋混凝土造,0990223,15.549999999999999,1,0,1,有,有,無,4200,270,,0.0,0,,RPQNMLNLPHJGFAP56CC,獨立套房,有,1130801~1140131,有,冷氣、熱水器、電視機、冰箱、網路,一般代管
斗六市,租賃房屋,雲林縣斗六市樂利街５３號４樓之２１,0.0,,,,1130702,土地0建物1車位0,四層,7,華廈(10層含以下有電梯),辦公室,鋼筋混凝土造,0990223,18.28,1,0,1,有,有,無,4200,230,,0.0,0,,RPRNMLNLPHJGFAP66CC,獨立套房,有,1130801~1140131,有,冷氣、熱水器、電視機、冰箱、網路,一般代管
斗六市,租賃房屋,雲林縣斗六市樂利街５３號５樓之２７,0.0,,,,1130703,土地0建物1車位0,五層,7,華廈(10層含以下有電梯),辦公室,鋼筋混凝土造,0990223,15.24,1,0,1,有,有,無,4200,276,,0.0,0,續租案件；,RPSNMLNLPHJGFAP76CC,獨立套房,有,1130711~1140710,有,冷氣、熱水器、電視機、冰箱、網路,一般代管
斗六市,租賃房屋,雲林縣斗六市樂利街５３號５樓之９,0.0,,,,1130701,土地0建物1車位0,五層,7,華廈(10層含以下有電梯),辦公室,鋼筋混凝土造,0990223,18.479999999999997,1,0,1,有,有,無,4200,227,,0.0,0,含增建或未登記建物；續租案件；,RPPNMLTLPHJGFAP07CC,獨立套房,有,1130706~1140105,有,冷氣、熱水器、電視機、冰箱、網路,一般代管
斗六市,租賃房屋,雲林縣斗六市樂利街５３號４樓之３,0.0,,,,1130703,土地0建物1車位0,四層,7,華廈(10層含以下有電梯),辦公室,鋼筋混凝土造,0990223,15.440000000000001,1,0,1,有,有,無,4200,272,,0.0,0,含增建或未登記建物；,RPQNMLTLPHJGFAP17CC,獨立套房,有,1130705~1140104,有,冷氣、熱水器、電視機、冰箱、網路,一般代管
斗六市,租賃房屋,雲林縣斗六市龍潭路３之１２巷３８號三樓之３２,0.0,,,,1130701,土地0建物1車位0,三層,5,華廈(10層含以下有電梯),住家用,鋼筋混凝土造,0930326,19.32,1,0,1,有,有,有,4000,207,,0.0,0,,RPRNMLTLPHJGFAP27CC,獨立套房,有,1130701~1140630,有,冷氣、熱水器、電視機、冰箱、有線電視、網路,
斗六市,租賃房屋,雲林縣斗六市嘉東南路５０巷１０號,0.0,,,,1130703,土地0建物0車位0,全,3,透天厝,住家用,鋼筋混凝土造,0960208,14.25,7,0,7,有,無,有,3000,211,,0.0,0,,RPSNMLTLPHJGFAP37CC,分租套房,無,1130703~1140702,無,冷氣、熱水器、冰箱、網路,
斗六市,租賃房屋,雲林縣斗六市民生路８２號,0.0,,,,1130710,土地0建物0車位0,五層,7,華廈(10層含以下有電梯),住商用,鋼筋混凝土造,0740725,16.22,38,0,38,有,無,有,5000,308,,0.0,0,,RPTNMLTLPHJGFAP47CC,分租套房,無,1130901~1140831,有,冷氣、熱水器、電視機、冰箱、有線電視、網路,
斗六市,租賃房屋,雲林縣斗六市龍潭南路１５-８號,0.0,,,,1130714,土地0建物0車位0,三層,3,農舍,農舍,鋼筋混凝土造,0900409,18.02,40,0,40,有,無,有,3500,,,0.0,0,,RPUNMLTLPHJGFAP57CC,分租套房,無,1130801~1140731,無,冷氣、網路,
斗南鎮,租賃房屋,雲林縣斗南鎮民權路１０之６號１０樓之１,0.0,,,,1130717,土地0建物1車位0,十層,12,住宅大樓(11層含以上有電梯),集合住宅,鋼筋混凝土造,1120712,93.37,2,1,1,有,有,有,14000,150,,0.0,0,管理費1000元。,RPPNMLTLPHJGFBP17CC,整棟(戶)出租,有,1130717~1140716,有,冷氣、熱水器、洗衣機、電視機、冰箱,社會住宅代管
虎尾鎮,租賃房屋,雲林縣虎尾鎮自由路５９號,0.0,,,,1130630,土地0建物0車位0,全,3,透天厝,住家用,加強磚造,0650830,16.0,3,1,3,有,無,有,4000,250,,0.0,0,,RPPNMLTLPHJGFDP37CC,分租套房,無,1130701~1140630,無,冷氣、熱水器、電視機、冰箱、有線電視、網路,
北港鎮,租賃房屋,雲林縣北港鎮華勝路１９６號,0.0,,,,1130701,土地0建物1車位0,見其他登記事項,2,店面(店鋪),住商用,鋼筋混凝土造,0720920,76.6,0,0,0,無,無,無,55000,718,,0.0,0,未登記建物約230平方公尺租金總額含稅；含增建或未登記建物；,RPPNMLTLPHJGFEP47CC,,無,1130915~1180914,無,,
北港鎮,租賃房屋,雲林縣北港鎮華勝路５５號,0.0,,,,1130705,土地0建物1車位0,一層,3,店面(店鋪),住商用,鋼筋混凝土造,1001025,50.84,0,0,0,無,無,無,20000,393,,0.0,0,,RPRNMLTLPHJGFEP67CC,,無,1130801~1140731,無,,
斗六市,租賃房屋,雲林縣斗六市樂利街５３號３樓之２３,0.0,,,,1130708,土地0建物1車位0,三層,7,華廈(10層含以下有電梯),辦公室,鋼筋混凝土造,0990223,15.549999999999999,1,0,1,有,有,無,4200,270,,0.0,0,含增建或未登記建物；,RPPNMLKMPHJGFAP88CC,獨立套房,有,1130820~1140219,有,冷氣、熱水器、電視機、冰箱、網路,一般代管
斗六市,租賃房屋,雲林縣斗六市林北街５號三樓,0.0,,,,1130723,土地0建物1車位0,三層,7,華廈(10層含以下有電梯),住家用,鋼筋混凝土造,0840310,166.28,4,2,2,有,有,有,11000,66,,0.0,0,管理費1000元,RPQNMLKMPHJGFAP98CC,整棟(戶)出租,無,1130815~1140814,有,冷氣、熱水器、洗衣機、冰箱、瓦斯或天然氣,社會住宅包租轉租
北港鎮,租賃房屋+車位,雲林縣北港鎮大同路３５３之３號七樓,0.0,,,,1130720,土地0建物1車位1,七層,10,華廈(10層含以下有電梯),住宅用,鋼筋混凝土造,0880603,189.16,4,1,2,有,有,有,15000,79,坡道平面,0.0,0,,RPPNMLKMPHJGFEP66CC,整棟(戶)出租,有,1130801~1140731,有,冷氣、熱水器、洗衣機、電視機、冰箱、瓦斯或天然氣,
斗六市,租賃房屋,雲林縣斗六市成功路３０６號,0.0,,,,1130723,土地0建物1車位0,見其他登記事項,2,店面(店鋪),廠房、單身宿舍,鋼筋混凝土造,0770630,188.27,0,0,4,有,無,無,40000,212,,0.0,0,,RPPNMLLMPHJGFAP98CC,,無,1130915~1190914,無,,
北港鎮,租賃房屋,雲林縣北港鎮文仁路２４０號,0.0,,,,1130720,土地0建物0車位0,全,3,透天厝,騎樓、店鋪、住宅、樓梯間,鋼筋混凝土造,1100518,26.5,4,1,2,有,無,有,7500,283,,0.0,0,,RPPNMLLMPHJGFEP76CC,分租雅房,無,1130720~1140719,無,冷氣,
麥寮鄉,租賃房屋,雲林縣麥寮鄉永和１７之１號,0.0,,,,1130731,土地0建物1車位0,全,4,透天厝,住家用,鋼筋混凝土造,0951117,170.41,4,3,3,有,無,有,15000,88,,0.0,0,,RPPNMLMJQHJGFFP76CC,整棟(戶)出租,無,1130801~1140731,無,冷氣、熱水器、洗衣機、冰箱、瓦斯或天然氣,社會住宅代管
斗六市,租賃房屋,雲林縣斗六市樂利街５３號４樓之１５,0.0,,,,1130719,土地0建物1車位0,四層,7,華廈(10層含以下有電梯),辦公室,鋼筋混凝土造,0990223,18.939999999999998,1,0,1,有,有,無,4500,238,,0.0,0,含增建或未登記建物；,RPPNMLPJQHJGFAP56CC,獨立套房,有,1130725~1140724,有,冷氣、熱水器、電視機、冰箱、網路,一般代管
虎尾鎮,租賃房屋,雲林縣虎尾鎮虎興西十一街２３號,103.08,住,,,1130801,土地1建物1車位0,全,3,透天厝,住宅、停車空間,鋼筋混凝土造,1071024,198.92,4,2,4,有,無,無,23000,116,,0.0,0,,RPPNMLPJQHJGFDP86CC,整棟(戶)出租,無,1130805~1150804,無,冷氣、熱水器,
斗六市,租賃房屋,雲林縣斗六市明德北路三段３號七樓之６,0.0,,,,1130801,土地0建物1車位0,七層,16,住宅大樓(11層含以上有電梯),住家用,鋼筋混凝土造,0860515,39.12,1,0,1,有,有,有,5500,141,,0.0,0,,RPPNMLQJQHJGFAP66CC,獨立套房,有,1130825~1140824,有,冷氣、熱水器、洗衣機、電視機、冰箱,社會住宅代管
斗六市,租賃房屋,雲林縣斗六市龍潭南路１５-８號,0.0,,,,1130729,土地0建物0車位0,一層,3,農舍,農舍,鋼筋混凝土造,0900409,18.19,40,0,40,有,無,有,3600,,,0.0,0,,RPPNMLRJQHJGFAP76CC,分租套房,無,1130801~1140731,無,冷氣、網路,
斗六市,租賃房屋,雲林縣斗六市民生路８２號,0.0,,,,1130731,土地0建物0車位0,五層,7,華廈(10層含以下有電梯),住商用,鋼筋混凝土造,0740725,18.97,42,0,42,有,無,有,6000,316,,0.0,0,,RPQNMLRJQHJGFAP86CC,分租套房,無,1130901~1140831,有,冷氣、熱水器、電視機、冰箱、有線電視、網路,
斗六市,租賃房屋,雲林縣斗六市中山路６０１號,0.0,,,,1130731,土地0建物0車位0,全,3,透天厝,住商用,鋼筋混凝土造,0890808,16.22,15,0,15,有,無,有,4000,247,,0.0,0,,RPRNMLRJQHJGFAP96CC,分租套房,無,1130801~1140731,無,冷氣、熱水器、冰箱、網路,
斗六市,租賃房屋,雲林縣斗六市龍潭南路１５-８號,0.0,,,,1130803,土地0建物0車位0,一層,3,農舍,農舍,鋼筋混凝土造,0900409,17.86,40,0,40,有,無,有,3600,,,0.0,0,,RPSNMLRJQHJGFAP07CC,分租套房,無,1130901~1140831,無,冷氣、網路,
斗南鎮,租賃房屋,雲林縣斗南鎮延平路二段５２巷１４１號,0.0,,,,1130730,土地0建物1車位0,全,2,透天厝,住家用,加強磚造,0710218,66.37,2,2,2,有,無,有,13500,203,,0.0,0,,RPPNMLRJQHJGFBP86CC,整棟(戶)出租,無,1130730~1140729,無,冷氣、熱水器、洗衣機、電視機、冰箱,社會住宅代管
斗南鎮,租賃房屋,雲林縣斗南鎮光復街３６號二樓之７２,0.0,,,,1130730,土地0建物1車位0,二層,12,住宅大樓(11層含以上有電梯),住家用,鋼筋混凝土造,0880412,49.940000000000005,1,1,1,有,有,有,5500,110,,0.0,0,,RPQNMLRJQHJGFBP96CC,獨立套房,有,1130730~1140729,有,冷氣、熱水器、電視機、冰箱,社會住宅代管
虎尾鎮,租賃房屋,雲林縣虎尾鎮永興南九路１１之６號,0.0,,,,1130730,土地0建物1車位0,全,3,透天厝,住宅、停車空間、樓梯間,鋼筋混凝土造,1120523,149.83,3,2,4,有,無,有,19800,132,,0.0,0,,RPRNMLRJQHJGFDP27CC,整棟(戶)出租,無,1130730~1140729,無,冷氣、熱水器、洗衣機、冰箱、瓦斯或天然氣,社會住宅代管
斗六市,租賃房屋,雲林縣斗六市莊敬路３４７巷３０弄４７號８樓,0.0,,,,1130801,土地0建物1車位0,八層,10,華廈(10層含以下有電梯),住家用,鋼筋混凝土造,0830615,121.33000000000001,3,1,2,有,有,無,13870,114,,0.0,0,管理費630元。,RPVNMLSJQHJGFAP47CC,整棟(戶)出租,有,1130801~1140731,有,冷氣、熱水器、洗衣機、瓦斯或天然氣,
斗六市,租賃房屋,雲林縣斗六市樂利街５３號３樓之６,0.0,,,,1130719,土地0建物1車位0,三層,7,華廈(10層含以下有電梯),辦公室,鋼筋混凝土造,0990223,15.99,1,0,1,有,有,無,4200,263,,0.0,0,含增建或未登記建物；,RPPNMLTJQHJGFAP96CC,獨立套房,有,1130725~1140124,有,冷氣、熱水器、電視機、冰箱、網路,一般代管
斗六市,租賃房屋,雲林縣斗六市樂利街５３號６樓之１１,0.0,,,,1130722,土地0建物1車位0,六層,7,華廈(10層含以下有電梯),辦公室,鋼筋混凝土造,0990223,19.799999999999997,1,0,1,有,有,無,4200,212,,0.0,0,含增建或未登記建物；,RPQNMLTJQHJGFAP07CC,獨立套房,有,1130801~1140131,有,冷氣、熱水器、電視機、冰箱、網路,一般代管
斗六市,租賃房屋,雲林縣斗六市嘉新路２０８號,0.0,,,,1130802,土地0建物1車位0,全,4,透天厝,住商用,鋼筋混凝土造,0951111,12.0,4,0,4,有,無,有,5500,458,,0.0,0,,RPRNMLTJQHJGFAP17CC,分層出租,無,1130815~1140814,無,冷氣、熱水器、冰箱,一般代管
斗六市,租賃房屋,雲林縣斗六市中正路１３０號,0.0,,,,1130805,土地0建物1車位0,全,3,透天厝,住商用,加強磚造,0661122,43.35,0,0,0,無,無,無,5000,115,,0.0,0,,RPSNMLTJQHJGFAP27CC,,無,1131001~1180930,無,,
斗六市,租賃房屋,雲林縣斗六市中正路１３０號,0.0,,,,1130805,土地0建物1車位0,全,3,透天厝,住商用,加強磚造,0661122,91.8,2,0,2,有,無,無,10000,109,,0.0,0,,RPTNMLTJQHJGFAP37CC,分層出租,無,1131001~1180930,無,,
斗六市,租賃房屋+車位,雲林縣斗六市文化路９３８巷７２號十樓,0.0,,,,1130731,土地0建物1車位1,十層,10,華廈(10層含以下有電梯),集合住宅,鋼筋混凝土造,1120726,150.78,3,2,2,有,有,無,15000,99,坡道平面,31.58,0,租金總額含管理費；其他車位管理費；,RPUNMLTJQHJGFAP47CC,整棟(戶)出租,有,1130801~1140731,有,熱水器,一般代管
